Workbook

Sheet השוואת פקטורים
A1: סהכ
A2: פנימי | B2: כלי להשוואת פקטורים בין שיטות חישוב PPR
B3: סוג PPR | C3: שיטה | D3: פקטור ממוצע | J3: שיטת חישוב (עמודה i+1 היא שיטה i+1 חלקי שיטה i)
B4: פנימי | C4: SPPR_new_GE | D4: מודל מאוזן | E4: SPPR מאוזן | F4: SPPR לא התפוצץ | G4: כל הדרישות
D5: =AVERAGEIFS(Z7:Z113, Z7:Z113, "<100", Z7:Z113, ">0.01", $F$7:$F$113, TRUE) -> 3.2168691 | E5: =AVERAGEIFS(Z7:Z113, Z7:Z113, "<100", Z7:Z113, ">0.01", $G$7:$G$113, TRUE) -> 2.7775617 | F5: =AVERAGEIFS(Z7:Z113, Z7:Z113, "<100", Z7:Z113, ">0.01", $H$7:$H$113, TRUE) -> 2.7610239 | G5: =AVERAGEIFS(Z7:Z113, Z7:Z113, "<100", Z7:Z113, ">0.01", $I$7:$I$113, TRUE) -> 3.1796214
B6: מודל | C6: model is balanced | D6: DC rows sum to 1 | E6: catch is not negative | F6: מודל מאוזן | G6: SPPR מאוזן | H6: SPPR לא התפוצץ | I6: כל הדרישות | J6: SPPR_1995_mTL_global_TE_01 | K6: SPPR_1995_mTL_global_mTE | L6: SPPR_EwE_global_mTE | M6: SPPR_EwE_differential_TE | N6: SPPR_2015 | O6: SPPR_new_2015 | P6: SPPR_new_GE | Q6: SPPR_symbolic_GE_import_as_PP | R6: SPPR_symbolic_GE_import_as_DC | S6: SPPR_symbolic_GE_import_as_PP | T6: SPPR_symbolic_GE_import_as_DC | U6: =C4 -> SPPR_new_GE | Z6: מצטבר
B7: [2] Alaska, Prince William Sound 1980 | C7: TRUE | D7: TRUE | E7: TRUE | F7: =AND(C7:E7) -> TRUE | G7: =ABS(INDEX(טבלה5[[SPPR_1986]:[SPPR_symbolic_full_import_as_DC]],MATCH('השוואת פקטורים'!$B7,טבלה5[עמודה1],0),MATCH($C$4,טבלה5[[#Headers],[SPPR_1986]:[SPPR_symbolic_full_import_as_DC]],0))) < 5 -> TRUE | H7: =INDEX(טבלה3[[SPPR_1986]:[SPPR_symbolic_full_import_as_DC]],MATCH('השוואת פקטורים'!$B7,טבלה3[עמודה1],0),MATCH($C$4,טבלה3[[#Headers],[SPPR_1986]:[SPPR_symbolic_full_import_as_DC]],0)) -> TRUE | I7: =AND(C7:H7) -> TRUE | K7: =IF($B$4="סהכ", INDEX(טבלה1[[SPPR_1986]:[SPPR_symbolic_full_import_as_DC]], MATCH('השוואת פקטורים'!$B7, 'PPRs all'!$A$2:$A$108, 0), MATCH('השוואת פקטורים'!K$6, טבלה1[[#Headers],[SPPR_1986]:[SPPR_symbolic_full_import_as_DC]], 0)) / INDEX(טבלה1[[SPPR_1986]:[SPPR_symbolic_full_import_as_DC]], MATCH('השוואת פקטורים'!$B7, 'PPRs all'!$A$2:$A$108, 0), MATCH('השוואת פקטורים'!J$6, טבלה1[[#Headers],[SPPR_1986]:[SPPR_symbolic_full_import_as_DC]], 0)), INDEX(טבלה2[[SPPR_1986]:[SPPR_symbolic_full_import_as_DC]], MATCH('השוואת פקטורים'!$B7, 'PPRs inner'!$A$2:$A$108, 0), MATCH('השוואת פקטורים'!K$6, טבלה2[[#Headers],[SPPR_1986]:[SPPR_symbolic_full_import_as_DC]], 0)) / INDEX(טבלה2[[SPPR_1986]:[SPPR_symbolic_full_import_as_DC]], MATCH('השוואת פקטורים'!$B7, 'PPRs inner'!$A$2:$A$108, 0), MATCH('השוואת פקטורים'!J$6, טבלה2[[#Headers],[SPPR_1986]:[SPPR_symbolic_full_import_as_DC]], 0)) ) -> 0.01340867 | L7: =IF($B$4="סהכ", INDEX(טבלה1[[SPPR_1986]:[SPPR_symbolic_full_import_as_DC]], MATCH('השוואת פקטורים'!$B7, 'PPRs all'!$A$2:$A$108, 0), MATCH('השוואת פקטורים'!L$6, טבלה1[[#Headers],[SPPR_1986]:[SPPR_symbolic_full_import_as_DC]], 0)) / INDEX(טבלה1[[SPPR_1986]:[SPPR_symbolic_full_import_as_DC]], MATCH('השוואת פקטורים'!$B7, 'PPRs all'!$A$2:$A$108, 0), MATCH('השוואת פקטורים'!K$6, טבלה1[[#Headers],[SPPR_1986]:[SPPR_symbolic_full_import_as_DC]], 0)), INDEX(טבלה2[[SPPR_1986]:[SPPR_symbolic_full_import_as_DC]], MATCH('השוואת פקטורים'!$B7, 'PPRs inner'!$A$2:$A$108, 0), MATCH('השוואת פקטורים'!L$6, טבלה2[[#Headers],[SPPR_1986]:[SPPR_symbolic_full_import_as_DC]], 0)) / INDEX(טבלה2[[SPPR_1986]:[SPPR_symbolic_full_import_as_DC]], MATCH('השוואת פקטורים'!$B7, 'PPRs inner'!$A$2:$A$108, 0), MATCH('השוואת פקטורים'!K$6, טבלה2[[#Headers],[SPPR_1986]:[SPPR_symbolic_full_import_as_DC]], 0)) ) -> 1.0962893 | M7: =IF($B$4="סהכ", INDEX(טבלה1[[SPPR_1986]:[SPPR_symbolic_full_import_as_DC]], MATCH('השוואת פקטורים'!$B7, 'PPRs all'!$A$2:$A$108, 0), MATCH('השוואת פקטורים'!M$6, טבלה1[[#Headers],[SPPR_1986]:[SPPR_symbolic_full_import_as_DC]], 0)) / INDEX(טבלה1[[SPPR_1986]:[SPPR_symbolic_full_import_as_DC]], MATCH('השוואת פקטורים'!$B7, 'PPRs all'!$A$2:$A$108, 0), MATCH('השוואת פקטורים'!L$6, טבלה1[[#Headers],[SPPR_1986]:[SPPR_symbolic_full_import_as_DC]], 0)), INDEX(טבלה2[[SPPR_1986]:[SPPR_symbolic_full_import_as_DC]], MATCH('השוואת פקטורים'!$B7, 'PPRs inner'!$A$2:$A$108, 0), MATCH('השוואת פקטורים'!M$6, טבלה2[[#Headers],[SPPR_1986]:[SPPR_symbolic_full_import_as_DC]], 0)) / INDEX(טבלה2[[SPPR_1986]:[SPPR_symbolic_full_import_as_DC]], MATCH('השוואת פקטורים'!$B7, 'PPRs inner'!$A$2:$A$108, 0), MATCH('השוואת פקטורים'!L$6, טבלה2[[#Headers],[SPPR_1986]:[SPPR_symbolic_full_import_as_DC]], 0)) ) -> 21.308046 | N7: =IF($B$4="סהכ", INDEX(טבלה1[[SPPR_1986]:[SPPR_symbolic_full_import_as_DC]], MATCH('השוואת פקטורים'!$B7, 'PPRs all'!$A$2:$A$108, 0), MATCH('השוואת פקטורים'!N$6, טבלה1[[#Headers],[SPPR_1986]:[SPPR_symbolic_full_import_as_DC]], 0)) / INDEX(טבלה1[[SPPR_1986]:[SPPR_symbolic_full_import_as_DC]], MATCH('השוואת פקטורים'!$B7, 'PPRs all'!$A$2:$A$108, 0), MATCH('השוואת פקטורים'!M$6, טבלה1[[#Headers],[SPPR_1986]:[SPPR_symbolic_full_import_as_DC]], 0)), INDEX(טבלה2[[SPPR_1986]:[SPPR_symbolic_full_import_as_DC]], MATCH('השוואת פקטורים'!$B7, 'PPRs inner'!$A$2:$A$108, 0), MATCH('השוואת פקטורים'!N$6, טבלה2[[#Headers],[SPPR_1986]:[SPPR_symbolic_full_import_as_DC]], 0)) / INDEX(טבלה2[[SPPR_1986]:[SPPR_symbolic_full_import_as_DC]], MATCH('השוואת פקטורים'!$B7, 'PPRs inner'!$A$2:$A$108, 0), MATCH('השוואת פקטורים'!M$6, טבלה2[[#Headers],[SPPR_1986]:[SPPR_symbolic_full_import_as_DC]], 0)) ) -> 1.3085636 | O7: =IF($B$4="סהכ", INDEX(טבלה1[[SPPR_1986]:[SPPR_symbolic_full_import_as_DC]], MATCH('השוואת פקטורים'!$B7, 'PPRs all'!$A$2:$A$108, 0), MATCH('השוואת פקטורים'!O$6, טבלה1[[#Headers],[SPPR_1986]:[SPPR_symbolic_full_import_as_DC]], 0)) / INDEX(טבלה1[[SPPR_1986]:[SPPR_symbolic_full_import_as_DC]], MATCH('השוואת פקטורים'!$B7, 'PPRs all'!$A$2:$A$108, 0), MATCH('השוואת פקטורים'!N$6, טבלה1[[#Headers],[SPPR_1986]:[SPPR_symbolic_full_import_as_DC]], 0)), INDEX(טבלה2[[SPPR_1986]:[SPPR_symbolic_full_import_as_DC]], MATCH('השוואת פקטורים'!$B7, 'PPRs inner'!$A$2:$A$108, 0), MATCH('השוואת פקטורים'!O$6, טבלה2[[#Headers],[SPPR_1986]:[SPPR_symbolic_full_import_as_DC]], 0)) / INDEX(טבלה2[[SPPR_1986]:[SPPR_symbolic_full_import_as_DC]], MATCH('השוואת פקטורים'!$B7, 'PPRs inner'!$A$2:$A$108, 0), MATCH('השוואת פקטורים'!N$6, טבלה2[[#Headers],[SPPR_1986]:[SPPR_symbolic_full_import_as_DC]], 0)) ) -> 1 | P7: =IF($B$4="סהכ", INDEX(טבלה1[[SPPR_1986]:[SPPR_symbolic_full_import_as_DC]], MATCH('השוואת פקטורים'!$B7, 'PPRs all'!$A$2:$A$108, 0), MATCH('השוואת פקטורים'!P$6, טבלה1[[#Headers],[SPPR_1986]:[SPPR_symbolic_full_import_as_DC]], 0)) / INDEX(טבלה1[[SPPR_1986]:[SPPR_symbolic_full_import_as_DC]], MATCH('השוואת פקטורים'!$B7, 'PPRs all'!$A$2:$A$108, 0), MATCH('השוואת פקטורים'!O$6, טבלה1[[#Headers],[SPPR_1986]:[SPPR_symbolic_full_import_as_DC]], 0)), INDEX(טבלה2[[SPPR_1986]:[SPPR_symbolic_full_import_as_DC]], MATCH('השוואת פקטורים'!$B7, 'PPRs inner'!$A$2:$A$108, 0), MATCH('השוואת פקטורים'!P$6, טבלה2[[#Headers],[SPPR_1986]:[SPPR_symbolic_full_import_as_DC]], 0)) / INDEX(טבלה2[[SPPR_1986]:[SPPR_symbolic_full_import_as_DC]], MATCH('השוואת פקטורים'!$B7, 'PPRs inner'!$A$2:$A$108, 0), MATCH('השוואת פקטורים'!O$6, טבלה2[[#Headers],[SPPR_1986]:[SPPR_symbolic_full_import_as_DC]], 0)) ) -> 3.5678245 | Q7: =IF($B$4="סהכ", INDEX(טבלה1[[SPPR_1986]:[SPPR_symbolic_full_import_as_DC]], MATCH('השוואת פקטורים'!$B7, 'PPRs all'!$A$2:$A$108, 0), MATCH('השוואת פקטורים'!Q$6, טבלה1[[#Headers],[SPPR_1986]:[SPPR_symbolic_full_import_as_DC]], 0)) / INDEX(טבלה1[[SPPR_1986]:[SPPR_symbolic_full_import_as_DC]], MATCH('השוואת פקטורים'!$B7, 'PPRs all'!$A$2:$A$108, 0), MATCH('השוואת פקטורים'!P$6, טבלה1[[#Headers],[SPPR_1986]:[SPPR_symbolic_full_import_as_DC]], 0)), INDEX(טבלה2[[SPPR_1986]:[SPPR_symbolic_full_import_as_DC]], MATCH('השוואת פקטורים'!$B7, 'PPRs inner'!$A$2:$A$108, 0), MATCH('השוואת פקטורים'!Q$6, טבלה2[[#Headers],[SPPR_1986]:[SPPR_symbolic_full_import_as_DC]], 0)) / INDEX(טבלה2[[SPPR_1986]:[SPPR_symbolic_full_import_as_DC]], MATCH('השוואת פקטורים'!$B7, 'PPRs inner'!$A$2:$A$108, 0), MATCH('השוואת פקטורים'!P$6, טבלה2[[#Headers],[SPPR_1986]:[SPPR_symbolic_full_import_as_DC]], 0)) ) -> 1 | R7: =IF($B$4="סהכ", INDEX(טבלה1[[SPPR_1986]:[SPPR_symbolic_full_import_as_DC]], MATCH('השוואת פקטורים'!$B7, 'PPRs all'!$A$2:$A$108, 0), MATCH('השוואת פקטורים'!R$6, טבלה1[[#Headers],[SPPR_1986]:[SPPR_symbolic_full_import_as_DC]], 0)) / INDEX(טבלה1[[SPPR_1986]:[SPPR_symbolic_full_import_as_DC]], MATCH('השוואת פקטורים'!$B7, 'PPRs all'!$A$2:$A$108, 0), MATCH('השוואת פקטורים'!Q$6, טבלה1[[#Headers],[SPPR_1986]:[SPPR_symbolic_full_import_as_DC]], 0)), INDEX(טבלה2[[SPPR_1986]:[SPPR_symbolic_full_import_as_DC]], MATCH('השוואת פקטורים'!$B7, 'PPRs inner'!$A$2:$A$108, 0), MATCH('השוואת פקטורים'!R$6, טבלה2[[#Headers],[SPPR_1986]:[SPPR_symbolic_full_import_as_DC]], 0)) / INDEX(טבלה2[[SPPR_1986]:[SPPR_symbolic_full_import_as_DC]], MATCH('השוואת פקטורים'!$B7, 'PPRs inner'!$A$2:$A$108, 0), MATCH('השוואת פקטורים'!Q$6, טבלה2[[#Headers],[SPPR_1986]:[SPPR_symbolic_full_import_as_DC]], 0)) ) -> 1 | ... U7: =IF($B$4="סהכ", INDEX(טבלה1[[SPPR_1986]:[SPPR_symbolic_full_import_as_DC]], MATCH('השוואת פקטורים'!$B7, 'PPRs all'!$A$2:$A$108, 0), MATCH('השוואת פקטורים'!U$6, טבלה1[[#Headers],[SPPR_1986]:[SPPR_symbolic_full_import_as_DC]], 0)) / INDEX(טבלה1[[SPPR_1986]:[SPPR_symbolic_full_import_as_DC]], MATCH('השוואת פקטורים'!$B7, 'PPRs all'!$A$2:$A$108, 0), MATCH('השוואת פקטורים'!T$6, טבלה1[[#Headers],[SPPR_1986]:[SPPR_symbolic_full_import_as_DC]], 0)), INDEX(טבלה2[[SPPR_1986]:[SPPR_symbolic_full_import_as_DC]], MATCH('השוואת פקטורים'!$B7, 'PPRs inner'!$A$2:$A$108, 0), MATCH('השוואת פקטורים'!U$6, טבלה2[[#Headers],[SPPR_1986]:[SPPR_symbolic_full_import_as_DC]], 0)) / INDEX(טבלה2[[SPPR_1986]:[SPPR_symbolic_full_import_as_DC]], MATCH('השוואת פקטורים'!$B7, 'PPRs inner'!$A$2:$A$108, 0), MATCH('השוואת פקטורים'!T$6, טבלה2[[#Headers],[SPPR_1986]:[SPPR_symbolic_full_import_as_DC]], 0)) ) -> 1 | Z7: =PRODUCT(K7:Y7) -> 1.4623551
B8: [7] Azores archipelago 1997 | C8: TRUE | D8: TRUE | E8: TRUE | F8: =AND(C8:E8) -> TRUE | G8: =ABS(INDEX(טבלה5[[SPPR_1986]:[SPPR_symbolic_full_import_as_DC]],MATCH('השוואת פקטורים'!$B8,טבלה5[עמודה1],0),MATCH($C$4,טבלה5[[#Headers],[SPPR_1986]:[SPPR_symbolic_full_import_as_DC]],0))) < 5 -> TRUE | H8: =INDEX(טבלה3[[SPPR_1986]:[SPPR_symbolic_full_import_as_DC]],MATCH('השוואת פקטורים'!$B8,טבלה3[עמודה1],0),MATCH($C$4,טבלה3[[#Headers],[SPPR_1986]:[SPPR_symbolic_full_import_as_DC]],0)) -> TRUE | I8: =AND(C8:H8) -> TRUE | K8: =IF($B$4="סהכ", INDEX(טבלה1[[SPPR_1986]:[SPPR_symbolic_full_import_as_DC]], MATCH('השוואת פקטורים'!$B8, 'PPRs all'!$A$2:$A$108, 0), MATCH('השוואת פקטורים'!K$6, טבלה1[[#Headers],[SPPR_1986]:[SPPR_symbolic_full_import_as_DC]], 0)) / INDEX(טבלה1[[SPPR_1986]:[SPPR_symbolic_full_import_as_DC]], MATCH('השוואת פקטורים'!$B8, 'PPRs all'!$A$2:$A$108, 0), MATCH('השוואת פקטורים'!J$6, טבלה1[[#Headers],[SPPR_1986]:[SPPR_symbolic_full_import_as_DC]], 0)), INDEX(טבלה2[[SPPR_1986]:[SPPR_symbolic_full_import_as_DC]], MATCH('השוואת פקטורים'!$B8, 'PPRs inner'!$A$2:$A$108, 0), MATCH('השוואת פקטורים'!K$6, טבלה2[[#Headers],[SPPR_1986]:[SPPR_symbolic_full_import_as_DC]], 0)) / INDEX(טבלה2[[SPPR_1986]:[SPPR_symbolic_full_import_as_DC]], MATCH('השוואת פקטורים'!$B8, 'PPRs inner'!$A$2:$A$108, 0), MATCH('השוואת פקטורים'!J$6, טבלה2[[#Headers],[SPPR_1986]:[SPPR_symbolic_full_import_as_DC]], 0)) ) -> 0.7682839 | L8: =IF($B$4="סהכ", INDEX(טבלה1[[SPPR_1986]:[SPPR_symbolic_full_import_as_DC]], MATCH('השוואת פקטורים'!$B8, 'PPRs all'!$A$2:$A$108, 0), MATCH('השוואת פקטורים'!L$6, טבלה1[[#Headers],[SPPR_1986]:[SPPR_symbolic_full_import_as_DC]], 0)) / INDEX(טבלה1[[SPPR_1986]:[SPPR_symbolic_full_import_as_DC]], MATCH('השוואת פקטורים'!$B8, 'PPRs all'!$A$2:$A$108, 0), MATCH('השוואת פקטורים'!K$6, טבלה1[[#Headers],[SPPR_1986]:[SPPR_symbolic_full_import_as_DC]], 0)), INDEX(טבלה2[[SPPR_1986]:[SPPR_symbolic_full_import_as_DC]], MATCH('השוואת פקטורים'!$B8, 'PPRs inner'!$A$2:$A$108, 0), MATCH('השוואת פקטורים'!L$6, טבלה2[[#Headers],[SPPR_1986]:[SPPR_symbolic_full_import_as_DC]], 0)) / INDEX(טבלה2[[SPPR_1986]:[SPPR_symbolic_full_import_as_DC]], MATCH('השוואת פקטורים'!$B8, 'PPRs inner'!$A$2:$A$108, 0), MATCH('השוואת פקטורים'!K$6, טבלה2[[#Headers],[SPPR_1986]:[SPPR_symbolic_full_import_as_DC]], 0)) ) -> 5.6128815 | M8: =IF($B$4="סהכ", INDEX(טבלה1[[SPPR_1986]:[SPPR_symbolic_full_import_as_DC]], MATCH('השוואת פקטורים'!$B8, 'PPRs all'!$A$2:$A$108, 0), MATCH('השוואת פקטורים'!M$6, טבלה1[[#Headers],[SPPR_1986]:[SPPR_symbolic_full_import_as_DC]], 0)) / INDEX(טבלה1[[SPPR_1986]:[SPPR_symbolic_full_import_as_DC]], MATCH('השוואת פקטורים'!$B8, 'PPRs all'!$A$2:$A$108, 0), MATCH('השוואת פקטורים'!L$6, טבלה1[[#Headers],[SPPR_1986]:[SPPR_symbolic_full_import_as_DC]], 0)), INDEX(טבלה2[[SPPR_1986]:[SPPR_symbolic_full_import_as_DC]], MATCH('השוואת פקטורים'!$B8, 'PPRs inner'!$A$2:$A$108, 0), MATCH('השוואת פקטורים'!M$6, טבלה2[[#Headers],[SPPR_1986]:[SPPR_symbolic_full_import_as_DC]], 0)) / INDEX(טבלה2[[SPPR_1986]:[SPPR_symbolic_full_import_as_DC]], MATCH('השוואת פקטורים'!$B8, 'PPRs inner'!$A$2:$A$108, 0), MATCH('השוואת פקטורים'!L$6, טבלה2[[#Headers],[SPPR_1986]:[SPPR_symbolic_full_import_as_DC]], 0)) ) -> 2.156282 | N8: =IF($B$4="סהכ", INDEX(טבלה1[[SPPR_1986]:[SPPR_symbolic_full_import_as_DC]], MATCH('השוואת פקטורים'!$B8, 'PPRs all'!$A$2:$A$108, 0), MATCH('השוואת פקטורים'!N$6, טבלה1[[#Headers],[SPPR_1986]:[SPPR_symbolic_full_import_as_DC]], 0)) / INDEX(טבלה1[[SPPR_1986]:[SPPR_symbolic_full_import_as_DC]], MATCH('השוואת פקטורים'!$B8, 'PPRs all'!$A$2:$A$108, 0), MATCH('השוואת פקטורים'!M$6, טבלה1[[#Headers],[SPPR_1986]:[SPPR_symbolic_full_import_as_DC]], 0)), INDEX(טבלה2[[SPPR_1986]:[SPPR_symbolic_full_import_as_DC]], MATCH('השוואת פקטורים'!$B8, 'PPRs inner'!$A$2:$A$108, 0), MATCH('השוואת פקטורים'!N$6, טבלה2[[#Headers],[SPPR_1986]:[SPPR_symbolic_full_import_as_DC]], 0)) / INDEX(טבלה2[[SPPR_1986]:[SPPR_symbolic_full_import_as_DC]], MATCH('השוואת פקטורים'!$B8, 'PPRs inner'!$A$2:$A$108, 0), MATCH('השוואת פקטורים'!M$6, טבלה2[[#Headers],[SPPR_1986]:[SPPR_symbolic_full_import_as_DC]], 0)) ) -> 2.1095883 | O8: =IF($B$4="סהכ", INDEX(טבלה1[[SPPR_1986]:[SPPR_symbolic_full_import_as_DC]], MATCH('השוואת פקטורים'!$B8, 'PPRs all'!$A$2:$A$108, 0), MATCH('השוואת פקטורים'!O$6, טבלה1[[#Headers],[SPPR_1986]:[SPPR_symbolic_full_import_as_DC]], 0)) / INDEX(טבלה1[[SPPR_1986]:[SPPR_symbolic_full_import_as_DC]], MATCH('השוואת פקטורים'!$B8, 'PPRs all'!$A$2:$A$108, 0), MATCH('השוואת פקטורים'!N$6, טבלה1[[#Headers],[SPPR_1986]:[SPPR_symbolic_full_import_as_DC]], 0)), INDEX(טבלה2[[SPPR_1986]:[SPPR_symbolic_full_import_as_DC]], MATCH('השוואת פקטורים'!$B8, 'PPRs inner'!$A$2:$A$108, 0), MATCH('השוואת פקטורים'!O$6, טבלה2[[#Headers],[SPPR_1986]:[SPPR_symbolic_full_import_as_DC]], 0)) / INDEX(טבלה2[[SPPR_1986]:[SPPR_symbolic_full_import_as_DC]], MATCH('השוואת פקטורים'!$B8, 'PPRs inner'!$A$2:$A$108, 0), MATCH('השוואת פקטורים'!N$6, טבלה2[[#Headers],[SPPR_1986]:[SPPR_symbolic_full_import_as_DC]], 0)) ) -> 1 | P8: =IF($B$4="סהכ", INDEX(טבלה1[[SPPR_1986]:[SPPR_symbolic_full_import_as_DC]], MATCH('השוואת פקטורים'!$B8, 'PPRs all'!$A$2:$A$108, 0), MATCH('השוואת פקטורים'!P$6, טבלה1[[#Headers],[SPPR_1986]:[SPPR_symbolic_full_import_as_DC]], 0)) / INDEX(טבלה1[[SPPR_1986]:[SPPR_symbolic_full_import_as_DC]], MATCH('השוואת פקטורים'!$B8, 'PPRs all'!$A$2:$A$108, 0), MATCH('השוואת פקטורים'!O$6, טבלה1[[#Headers],[SPPR_1986]:[SPPR_symbolic_full_import_as_DC]], 0)), INDEX(טבלה2[[SPPR_1986]:[SPPR_symbolic_full_import_as_DC]], MATCH('השוואת פקטורים'!$B8, 'PPRs inner'!$A$2:$A$108, 0), MATCH('השוואת פקטורים'!P$6, טבלה2[[#Headers],[SPPR_1986]:[SPPR_symbolic_full_import_as_DC]], 0)) / INDEX(טבלה2[[SPPR_1986]:[SPPR_symbolic_full_import_as_DC]], MATCH('השוואת פקטורים'!$B8, 'PPRs inner'!$A$2:$A$108, 0), MATCH('השוואת פקטורים'!O$6, טבלה2[[#Headers],[SPPR_1986]:[SPPR_symbolic_full_import_as_DC]], 0)) ) -> 0.091854929 | Q8: =IF($B$4="סהכ", INDEX(טבלה1[[SPPR_1986]:[SPPR_symbolic_full_import_as_DC]], MATCH('השוואת פקטורים'!$B8, 'PPRs all'!$A$2:$A$108, 0), MATCH('השוואת פקטורים'!Q$6, טבלה1[[#Headers],[SPPR_1986]:[SPPR_symbolic_full_import_as_DC]], 0)) / INDEX(טבלה1[[SPPR_1986]:[SPPR_symbolic_full_import_as_DC]], MATCH('השוואת פקטורים'!$B8, 'PPRs all'!$A$2:$A$108, 0), MATCH('השוואת פקטורים'!P$6, טבלה1[[#Headers],[SPPR_1986]:[SPPR_symbolic_full_import_as_DC]], 0)), INDEX(טבלה2[[SPPR_1986]:[SPPR_symbolic_full_import_as_DC]], MATCH('השוואת פקטורים'!$B8, 'PPRs inner'!$A$2:$A$108, 0), MATCH('השוואת פקטורים'!Q$6, טבלה2[[#Headers],[SPPR_1986]:[SPPR_symbolic_full_import_as_DC]], 0)) / INDEX(טבלה2[[SPPR_1986]:[SPPR_symbolic_full_import_as_DC]], MATCH('השוואת פקטורים'!$B8, 'PPRs inner'!$A$2:$A$108, 0), MATCH('השוואת פקטורים'!P$6, טבלה2[[#Headers],[SPPR_1986]:[SPPR_symbolic_full_import_as_DC]], 0)) ) -> 1 | R8: =IF($B$4="סהכ", INDEX(טבלה1[[SPPR_1986]:[SPPR_symbolic_full_import_as_DC]], MATCH('השוואת פקטורים'!$B8, 'PPRs all'!$A$2:$A$108, 0), MATCH('השוואת פקטורים'!R$6, טבלה1[[#Headers],[SPPR_1986]:[SPPR_symbolic_full_import_as_DC]], 0)) / INDEX(טבלה1[[SPPR_1986]:[SPPR_symbolic_full_import_as_DC]], MATCH('השוואת פקטורים'!$B8, 'PPRs all'!$A$2:$A$108, 0), MATCH('השוואת פקטורים'!Q$6, טבלה1[[#Headers],[SPPR_1986]:[SPPR_symbolic_full_import_as_DC]], 0)), INDEX(טבלה2[[SPPR_1986]:[SPPR_symbolic_full_import_as_DC]], MATCH('השוואת פקטורים'!$B8, 'PPRs inner'!$A$2:$A$108, 0), MATCH('השוואת פקטורים'!R$6, טבלה2[[#Headers],[SPPR_1986]:[SPPR_symbolic_full_import_as_DC]], 0)) / INDEX(טבלה2[[SPPR_1986]:[SPPR_symbolic_full_import_as_DC]], MATCH('השוואת פקטורים'!$B8, 'PPRs inner'!$A$2:$A$108, 0), MATCH('השוואת פקטורים'!Q$6, טבלה2[[#Headers],[SPPR_1986]:[SPPR_symbolic_full_import_as_DC]], 0)) ) -> -716.66107 | ... U8: =IF($B$4="סהכ", INDEX(טבלה1[[SPPR_1986]:[SPPR_symbolic_full_import_as_DC]], MATCH('השוואת פקטורים'!$B8, 'PPRs all'!$A$2:$A$108, 0), MATCH('השוואת פקטורים'!U$6, טבלה1[[#Headers],[SPPR_1986]:[SPPR_symbolic_full_import_as_DC]], 0)) / INDEX(טבלה1[[SPPR_1986]:[SPPR_symbolic_full_import_as_DC]], MATCH('השוואת פקטורים'!$B8, 'PPRs all'!$A$2:$A$108, 0), MATCH('השוואת פקטורים'!T$6, טבלה1[[#Headers],[SPPR_1986]:[SPPR_symbolic_full_import_as_DC]], 0)), INDEX(טבלה2[[SPPR_1986]:[SPPR_symbolic_full_import_as_DC]], MATCH('השוואת פקטורים'!$B8, 'PPRs inner'!$A$2:$A$108, 0), MATCH('השוואת פקטורים'!U$6, טבלה2[[#Headers],[SPPR_1986]:[SPPR_symbolic_full_import_as_DC]], 0)) / INDEX(טבלה2[[SPPR_1986]:[SPPR_symbolic_full_import_as_DC]], MATCH('השוואת פקטורים'!$B8, 'PPRs inner'!$A$2:$A$108, 0), MATCH('השוואת פקטורים'!T$6, טבלה2[[#Headers],[SPPR_1986]:[SPPR_symbolic_full_import_as_DC]], 0)) ) -> -0.0013953597 | Z8: =PRODUCT(K8:Y8) -> 1.8018281
B9: [28] Central Atlantic 1950 | C9: TRUE | D9: TRUE | E9: TRUE | F9: =AND(C9:E9) -> TRUE | G9: =ABS(INDEX(טבלה5[[SPPR_1986]:[SPPR_symbolic_full_import_as_DC]],MATCH('השוואת פקטורים'!$B9,טבלה5[עמודה1],0),MATCH($C$4,טבלה5[[#Headers],[SPPR_1986]:[SPPR_symbolic_full_import_as_DC]],0))) < 5 -> TRUE | H9: =INDEX(טבלה3[[SPPR_1986]:[SPPR_symbolic_full_import_as_DC]],MATCH('השוואת פקטורים'!$B9,טבלה3[עמודה1],0),MATCH($C$4,טבלה3[[#Headers],[SPPR_1986]:[SPPR_symbolic_full_import_as_DC]],0)) -> TRUE | I9: =AND(C9:H9) -> TRUE | K9: =IF($B$4="סהכ", INDEX(טבלה1[[SPPR_1986]:[SPPR_symbolic_full_import_as_DC]], MATCH('השוואת פקטורים'!$B9, 'PPRs all'!$A$2:$A$108, 0), MATCH('השוואת פקטורים'!K$6, טבלה1[[#Headers],[SPPR_1986]:[SPPR_symbolic_full_import_as_DC]], 0)) / INDEX(טבלה1[[SPPR_1986]:[SPPR_symbolic_full_import_as_DC]], MATCH('השוואת פקטורים'!$B9, 'PPRs all'!$A$2:$A$108, 0), MATCH('השוואת פקטורים'!J$6, טבלה1[[#Headers],[SPPR_1986]:[SPPR_symbolic_full_import_as_DC]], 0)), INDEX(טבלה2[[SPPR_1986]:[SPPR_symbolic_full_import_as_DC]], MATCH('השוואת פקטורים'!$B9, 'PPRs inner'!$A$2:$A$108, 0), MATCH('השוואת פקטורים'!K$6, טבלה2[[#Headers],[SPPR_1986]:[SPPR_symbolic_full_import_as_DC]], 0)) / INDEX(טבלה2[[SPPR_1986]:[SPPR_symbolic_full_import_as_DC]], MATCH('השוואת פקטורים'!$B9, 'PPRs inner'!$A$2:$A$108, 0), MATCH('השוואת פקטורים'!J$6, טבלה2[[#Headers],[SPPR_1986]:[SPPR_symbolic_full_import_as_DC]], 0)) ) -> 0.11893574 | L9: =IF($B$4="סהכ", INDEX(טבלה1[[SPPR_1986]:[SPPR_symbolic_full_import_as_DC]], MATCH('השוואת פקטורים'!$B9, 'PPRs all'!$A$2:$A$108, 0), MATCH('השוואת פקטורים'!L$6, טבלה1[[#Headers],[SPPR_1986]:[SPPR_symbolic_full_import_as_DC]], 0)) / INDEX(טבלה1[[SPPR_1986]:[SPPR_symbolic_full_import_as_DC]], MATCH('השוואת פקטורים'!$B9, 'PPRs all'!$A$2:$A$108, 0), MATCH('השוואת פקטורים'!K$6, טבלה1[[#Headers],[SPPR_1986]:[SPPR_symbolic_full_import_as_DC]], 0)), INDEX(טבלה2[[SPPR_1986]:[SPPR_symbolic_full_import_as_DC]], MATCH('השוואת פקטורים'!$B9, 'PPRs inner'!$A$2:$A$108, 0), MATCH('השוואת פקטורים'!L$6, טבלה2[[#Headers],[SPPR_1986]:[SPPR_symbolic_full_import_as_DC]], 0)) / INDEX(טבלה2[[SPPR_1986]:[SPPR_symbolic_full_import_as_DC]], MATCH('השוואת פקטורים'!$B9, 'PPRs inner'!$A$2:$A$108, 0), MATCH('השוואת פקטורים'!K$6, טבלה2[[#Headers],[SPPR_1986]:[SPPR_symbolic_full_import_as_DC]], 0)) ) -> 2.1060897 | M9: =IF($B$4="סהכ", INDEX(טבלה1[[SPPR_1986]:[SPPR_symbolic_full_import_as_DC]], MATCH('השוואת פקטורים'!$B9, 'PPRs all'!$A$2:$A$108, 0), MATCH('השוואת פקטורים'!M$6, טבלה1[[#Headers],[SPPR_1986]:[SPPR_symbolic_full_import_as_DC]], 0)) / INDEX(טבלה1[[SPPR_1986]:[SPPR_symbolic_full_import_as_DC]], MATCH('השוואת פקטורים'!$B9, 'PPRs all'!$A$2:$A$108, 0), MATCH('השוואת פקטורים'!L$6, טבלה1[[#Headers],[SPPR_1986]:[SPPR_symbolic_full_import_as_DC]], 0)), INDEX(טבלה2[[SPPR_1986]:[SPPR_symbolic_full_import_as_DC]], MATCH('השוואת פקטורים'!$B9, 'PPRs inner'!$A$2:$A$108, 0), MATCH('השוואת פקטורים'!M$6, טבלה2[[#Headers],[SPPR_1986]:[SPPR_symbolic_full_import_as_DC]], 0)) / INDEX(טבלה2[[SPPR_1986]:[SPPR_symbolic_full_import_as_DC]], MATCH('השוואת פקטורים'!$B9, 'PPRs inner'!$A$2:$A$108, 0), MATCH('השוואת פקטורים'!L$6, טבלה2[[#Headers],[SPPR_1986]:[SPPR_symbolic_full_import_as_DC]], 0)) ) -> 348.92326 | N9: =IF($B$4="סהכ", INDEX(טבלה1[[SPPR_1986]:[SPPR_symbolic_full_import_as_DC]], MATCH('השוואת פקטורים'!$B9, 'PPRs all'!$A$2:$A$108, 0), MATCH('השוואת פקטורים'!N$6, טבלה1[[#Headers],[SPPR_1986]:[SPPR_symbolic_full_import_as_DC]], 0)) / INDEX(טבלה1[[SPPR_1986]:[SPPR_symbolic_full_import_as_DC]], MATCH('השוואת פקטורים'!$B9, 'PPRs all'!$A$2:$A$108, 0), MATCH('השוואת פקטורים'!M$6, טבלה1[[#Headers],[SPPR_1986]:[SPPR_symbolic_full_import_as_DC]], 0)), INDEX(טבלה2[[SPPR_1986]:[SPPR_symbolic_full_import_as_DC]], MATCH('השוואת פקטורים'!$B9, 'PPRs inner'!$A$2:$A$108, 0), MATCH('השוואת פקטורים'!N$6, טבלה2[[#Headers],[SPPR_1986]:[SPPR_symbolic_full_import_as_DC]], 0)) / INDEX(טבלה2[[SPPR_1986]:[SPPR_symbolic_full_import_as_DC]], MATCH('השוואת פקטורים'!$B9, 'PPRs inner'!$A$2:$A$108, 0), MATCH('השוואת פקטורים'!M$6, טבלה2[[#Headers],[SPPR_1986]:[SPPR_symbolic_full_import_as_DC]], 0)) ) -> 32.143334 | O9: =IF($B$4="סהכ", INDEX(טבלה1[[SPPR_1986]:[SPPR_symbolic_full_import_as_DC]], MATCH('השוואת פקטורים'!$B9, 'PPRs all'!$A$2:$A$108, 0), MATCH('השוואת פקטורים'!O$6, טבלה1[[#Headers],[SPPR_1986]:[SPPR_symbolic_full_import_as_DC]], 0)) / INDEX(טבלה1[[SPPR_1986]:[SPPR_symbolic_full_import_as_DC]], MATCH('השוואת פקטורים'!$B9, 'PPRs all'!$A$2:$A$108, 0), MATCH('השוואת פקטורים'!N$6, טבלה1[[#Headers],[SPPR_1986]:[SPPR_symbolic_full_import_as_DC]], 0)), INDEX(טבלה2[[SPPR_1986]:[SPPR_symbolic_full_import_as_DC]], MATCH('השוואת פקטורים'!$B9, 'PPRs inner'!$A$2:$A$108, 0), MATCH('השוואת פקטורים'!O$6, טבלה2[[#Headers],[SPPR_1986]:[SPPR_symbolic_full_import_as_DC]], 0)) / INDEX(טבלה2[[SPPR_1986]:[SPPR_symbolic_full_import_as_DC]], MATCH('השוואת פקטורים'!$B9, 'PPRs inner'!$A$2:$A$108, 0), MATCH('השוואת פקטורים'!N$6, טבלה2[[#Headers],[SPPR_1986]:[SPPR_symbolic_full_import_as_DC]], 0)) ) -> 1 | P9: =IF($B$4="סהכ", INDEX(טבלה1[[SPPR_1986]:[SPPR_symbolic_full_import_as_DC]], MATCH('השוואת פקטורים'!$B9, 'PPRs all'!$A$2:$A$108, 0), MATCH('השוואת פקטורים'!P$6, טבלה1[[#Headers],[SPPR_1986]:[SPPR_symbolic_full_import_as_DC]], 0)) / INDEX(טבלה1[[SPPR_1986]:[SPPR_symbolic_full_import_as_DC]], MATCH('השוואת פקטורים'!$B9, 'PPRs all'!$A$2:$A$108, 0), MATCH('השוואת פקטורים'!O$6, טבלה1[[#Headers],[SPPR_1986]:[SPPR_symbolic_full_import_as_DC]], 0)), INDEX(טבלה2[[SPPR_1986]:[SPPR_symbolic_full_import_as_DC]], MATCH('השוואת פקטורים'!$B9, 'PPRs inner'!$A$2:$A$108, 0), MATCH('השוואת פקטורים'!P$6, טבלה2[[#Headers],[SPPR_1986]:[SPPR_symbolic_full_import_as_DC]], 0)) / INDEX(טבלה2[[SPPR_1986]:[SPPR_symbolic_full_import_as_DC]], MATCH('השוואת פקטורים'!$B9, 'PPRs inner'!$A$2:$A$108, 0), MATCH('השוואת פקטורים'!O$6, טבלה2[[#Headers],[SPPR_1986]:[SPPR_symbolic_full_import_as_DC]], 0)) ) -> 0.014538195 | Q9: =IF($B$4="סהכ", INDEX(טבלה1[[SPPR_1986]:[SPPR_symbolic_full_import_as_DC]], MATCH('השוואת פקטורים'!$B9, 'PPRs all'!$A$2:$A$108, 0), MATCH('השוואת פקטורים'!Q$6, טבלה1[[#Headers],[SPPR_1986]:[SPPR_symbolic_full_import_as_DC]], 0)) / INDEX(טבלה1[[SPPR_1986]:[SPPR_symbolic_full_import_as_DC]], MATCH('השוואת פקטורים'!$B9, 'PPRs all'!$A$2:$A$108, 0), MATCH('השוואת פקטורים'!P$6, טבלה1[[#Headers],[SPPR_1986]:[SPPR_symbolic_full_import_as_DC]], 0)), INDEX(טבלה2[[SPPR_1986]:[SPPR_symbolic_full_import_as_DC]], MATCH('השוואת פקטורים'!$B9, 'PPRs inner'!$A$2:$A$108, 0), MATCH('השוואת פקטורים'!Q$6, טבלה2[[#Headers],[SPPR_1986]:[SPPR_symbolic_full_import_as_DC]], 0)) / INDEX(טבלה2[[SPPR_1986]:[SPPR_symbolic_full_import_as_DC]], MATCH('השוואת פקטורים'!$B9, 'PPRs inner'!$A$2:$A$108, 0), MATCH('השוואת פקטורים'!P$6, טבלה2[[#Headers],[SPPR_1986]:[SPPR_symbolic_full_import_as_DC]], 0)) ) -> 1 | R9: =IF($B$4="סהכ", INDEX(טבלה1[[SPPR_1986]:[SPPR_symbolic_full_import_as_DC]], MATCH('השוואת פקטורים'!$B9, 'PPRs all'!$A$2:$A$108, 0), MATCH('השוואת פקטורים'!R$6, טבלה1[[#Headers],[SPPR_1986]:[SPPR_symbolic_full_import_as_DC]], 0)) / INDEX(טבלה1[[SPPR_1986]:[SPPR_symbolic_full_import_as_DC]], MATCH('השוואת פקטורים'!$B9, 'PPRs all'!$A$2:$A$108, 0), MATCH('השוואת פקטורים'!Q$6, טבלה1[[#Headers],[SPPR_1986]:[SPPR_symbolic_full_import_as_DC]], 0)), INDEX(טבלה2[[SPPR_1986]:[SPPR_symbolic_full_import_as_DC]], MATCH('השוואת פקטורים'!$B9, 'PPRs inner'!$A$2:$A$108, 0), MATCH('השוואת פקטורים'!R$6, טבלה2[[#Headers],[SPPR_1986]:[SPPR_symbolic_full_import_as_DC]], 0)) / INDEX(טבלה2[[SPPR_1986]:[SPPR_symbolic_full_import_as_DC]], MATCH('השוואת פקטורים'!$B9, 'PPRs inner'!$A$2:$A$108, 0), MATCH('השוואת פקטורים'!Q$6, טבלה2[[#Headers],[SPPR_1986]:[SPPR_symbolic_full_import_as_DC]], 0)) ) -> 1 | ... U9: =IF($B$4="סהכ", INDEX(טבלה1[[SPPR_1986]:[SPPR_symbolic_full_import_as_DC]], MATCH('השוואת פקטורים'!$B9, 'PPRs all'!$A$2:$A$108, 0), MATCH('השוואת פקטורים'!U$6, טבלה1[[#Headers],[SPPR_1986]:[SPPR_symbolic_full_import_as_DC]], 0)) / INDEX(טבלה1[[SPPR_1986]:[SPPR_symbolic_full_import_as_DC]], MATCH('השוואת פקטורים'!$B9, 'PPRs all'!$A$2:$A$108, 0), MATCH('השוואת פקטורים'!T$6, טבלה1[[#Headers],[SPPR_1986]:[SPPR_symbolic_full_import_as_DC]], 0)), INDEX(טבלה2[[SPPR_1986]:[SPPR_symbolic_full_import_as_DC]], MATCH('השוואת פקטורים'!$B9, 'PPRs inner'!$A$2:$A$108, 0), MATCH('השוואת פקטורים'!U$6, טבלה2[[#Headers],[SPPR_1986]:[SPPR_symbolic_full_import_as_DC]], 0)) / INDEX(טבלה2[[SPPR_1986]:[SPPR_symbolic_full_import_as_DC]], MATCH('השוואת פקטורים'!$B9, 'PPRs inner'!$A$2:$A$108, 0), MATCH('השוואת פקטורים'!T$6, טבלה2[[#Headers],[SPPR_1986]:[SPPR_symbolic_full_import_as_DC]], 0)) ) -> 1 | Z9: =PRODUCT(K9:Y9) -> 40.843276
B10: [29] Central Atlantic 1990 | C10: TRUE | D10: TRUE | E10: TRUE | F10: =AND(C10:E10) -> TRUE | G10: =ABS(INDEX(טבלה5[[SPPR_1986]:[SPPR_symbolic_full_import_as_DC]],MATCH('השוואת פקטורים'!$B10,טבלה5[עמודה1],0),MATCH($C$4,טבלה5[[#Headers],[SPPR_1986]:[SPPR_symbolic_full_import_as_DC]],0))) < 5 -> TRUE | H10: =INDEX(טבלה3[[SPPR_1986]:[SPPR_symbolic_full_import_as_DC]],MATCH('השוואת פקטורים'!$B10,טבלה3[עמודה1],0),MATCH($C$4,טבלה3[[#Headers],[SPPR_1986]:[SPPR_symbolic_full_import_as_DC]],0)) -> TRUE | I10: =AND(C10:H10) -> TRUE | K10: =IF($B$4="סהכ", INDEX(טבלה1[[SPPR_1986]:[SPPR_symbolic_full_import_as_DC]], MATCH('השוואת פקטורים'!$B10, 'PPRs all'!$A$2:$A$108, 0), MATCH('השוואת פקטורים'!K$6, טבלה1[[#Headers],[SPPR_1986]:[SPPR_symbolic_full_import_as_DC]], 0)) / INDEX(טבלה1[[SPPR_1986]:[SPPR_symbolic_full_import_as_DC]], MATCH('השוואת פקטורים'!$B10, 'PPRs all'!$A$2:$A$108, 0), MATCH('השוואת פקטורים'!J$6, טבלה1[[#Headers],[SPPR_1986]:[SPPR_symbolic_full_import_as_DC]], 0)), INDEX(טבלה2[[SPPR_1986]:[SPPR_symbolic_full_import_as_DC]], MATCH('השוואת פקטורים'!$B10, 'PPRs inner'!$A$2:$A$108, 0), MATCH('השוואת פקטורים'!K$6, טבלה2[[#Headers],[SPPR_1986]:[SPPR_symbolic_full_import_as_DC]], 0)) / INDEX(טבלה2[[SPPR_1986]:[SPPR_symbolic_full_import_as_DC]], MATCH('השוואת פקטורים'!$B10, 'PPRs inner'!$A$2:$A$108, 0), MATCH('השוואת פקטורים'!J$6, טבלה2[[#Headers],[SPPR_1986]:[SPPR_symbolic_full_import_as_DC]], 0)) ) -> 0.90552414 | L10: =IF($B$4="סהכ", INDEX(טבלה1[[SPPR_1986]:[SPPR_symbolic_full_import_as_DC]], MATCH('השוואת פקטורים'!$B10, 'PPRs all'!$A$2:$A$108, 0), MATCH('השוואת פקטורים'!L$6, טבלה1[[#Headers],[SPPR_1986]:[SPPR_symbolic_full_import_as_DC]], 0)) / INDEX(טבלה1[[SPPR_1986]:[SPPR_symbolic_full_import_as_DC]], MATCH('השוואת פקטורים'!$B10, 'PPRs all'!$A$2:$A$108, 0), MATCH('השוואת פקטורים'!K$6, טבלה1[[#Headers],[SPPR_1986]:[SPPR_symbolic_full_import_as_DC]], 0)), INDEX(טבלה2[[SPPR_1986]:[SPPR_symbolic_full_import_as_DC]], MATCH('השוואת פקטורים'!$B10, 'PPRs inner'!$A$2:$A$108, 0), MATCH('השוואת פקטורים'!L$6, טבלה2[[#Headers],[SPPR_1986]:[SPPR_symbolic_full_import_as_DC]], 0)) / INDEX(טבלה2[[SPPR_1986]:[SPPR_symbolic_full_import_as_DC]], MATCH('השוואת פקטורים'!$B10, 'PPRs inner'!$A$2:$A$108, 0), MATCH('השוואת פקטורים'!K$6, טבלה2[[#Headers],[SPPR_1986]:[SPPR_symbolic_full_import_as_DC]], 0)) ) -> 4.5675378 | M10: =IF($B$4="סהכ", INDEX(טבלה1[[SPPR_1986]:[SPPR_symbolic_full_import_as_DC]], MATCH('השוואת פקטורים'!$B10, 'PPRs all'!$A$2:$A$108, 0), MATCH('השוואת פקטורים'!M$6, טבלה1[[#Headers],[SPPR_1986]:[SPPR_symbolic_full_import_as_DC]], 0)) / INDEX(טבלה1[[SPPR_1986]:[SPPR_symbolic_full_import_as_DC]], MATCH('השוואת פקטורים'!$B10, 'PPRs all'!$A$2:$A$108, 0), MATCH('השוואת פקטורים'!L$6, טבלה1[[#Headers],[SPPR_1986]:[SPPR_symbolic_full_import_as_DC]], 0)), INDEX(טבלה2[[SPPR_1986]:[SPPR_symbolic_full_import_as_DC]], MATCH('השוואת פקטורים'!$B10, 'PPRs inner'!$A$2:$A$108, 0), MATCH('השוואת פקטורים'!M$6, טבלה2[[#Headers],[SPPR_1986]:[SPPR_symbolic_full_import_as_DC]], 0)) / INDEX(טבלה2[[SPPR_1986]:[SPPR_symbolic_full_import_as_DC]], MATCH('השוואת פקטורים'!$B10, 'PPRs inner'!$A$2:$A$108, 0), MATCH('השוואת פקטורים'!L$6, טבלה2[[#Headers],[SPPR_1986]:[SPPR_symbolic_full_import_as_DC]], 0)) ) -> 6.8435394 | N10: =IF($B$4="סהכ", INDEX(טבלה1[[SPPR_1986]:[SPPR_symbolic_full_import_as_DC]], MATCH('השוואת פקטורים'!$B10, 'PPRs all'!$A$2:$A$108, 0), MATCH('השוואת פקטורים'!N$6, טבלה1[[#Headers],[SPPR_1986]:[SPPR_symbolic_full_import_as_DC]], 0)) / INDEX(טבלה1[[SPPR_1986]:[SPPR_symbolic_full_import_as_DC]], MATCH('השוואת פקטורים'!$B10, 'PPRs all'!$A$2:$A$108, 0), MATCH('השוואת פקטורים'!M$6, טבלה1[[#Headers],[SPPR_1986]:[SPPR_symbolic_full_import_as_DC]], 0)), INDEX(טבלה2[[SPPR_1986]:[SPPR_symbolic_full_import_as_DC]], MATCH('השוואת פקטורים'!$B10, 'PPRs inner'!$A$2:$A$108, 0), MATCH('השוואת פקטורים'!N$6, טבלה2[[#Headers],[SPPR_1986]:[SPPR_symbolic_full_import_as_DC]], 0)) / INDEX(טבלה2[[SPPR_1986]:[SPPR_symbolic_full_import_as_DC]], MATCH('השוואת פקטורים'!$B10, 'PPRs inner'!$A$2:$A$108, 0), MATCH('השוואת פקטורים'!M$6, טבלה2[[#Headers],[SPPR_1986]:[SPPR_symbolic_full_import_as_DC]], 0)) ) -> 4.8025785 | O10: =IF($B$4="סהכ", INDEX(טבלה1[[SPPR_1986]:[SPPR_symbolic_full_import_as_DC]], MATCH('השוואת פקטורים'!$B10, 'PPRs all'!$A$2:$A$108, 0), MATCH('השוואת פקטורים'!O$6, טבלה1[[#Headers],[SPPR_1986]:[SPPR_symbolic_full_import_as_DC]], 0)) / INDEX(טבלה1[[SPPR_1986]:[SPPR_symbolic_full_import_as_DC]], MATCH('השוואת פקטורים'!$B10, 'PPRs all'!$A$2:$A$108, 0), MATCH('השוואת פקטורים'!N$6, טבלה1[[#Headers],[SPPR_1986]:[SPPR_symbolic_full_import_as_DC]], 0)), INDEX(טבלה2[[SPPR_1986]:[SPPR_symbolic_full_import_as_DC]], MATCH('השוואת פקטורים'!$B10, 'PPRs inner'!$A$2:$A$108, 0), MATCH('השוואת פקטורים'!O$6, טבלה2[[#Headers],[SPPR_1986]:[SPPR_symbolic_full_import_as_DC]], 0)) / INDEX(טבלה2[[SPPR_1986]:[SPPR_symbolic_full_import_as_DC]], MATCH('השוואת פקטורים'!$B10, 'PPRs inner'!$A$2:$A$108, 0), MATCH('השוואת פקטורים'!N$6, טבלה2[[#Headers],[SPPR_1986]:[SPPR_symbolic_full_import_as_DC]], 0)) ) -> 1 | P10: =IF($B$4="סהכ", INDEX(טבלה1[[SPPR_1986]:[SPPR_symbolic_full_import_as_DC]], MATCH('השוואת פקטורים'!$B10, 'PPRs all'!$A$2:$A$108, 0), MATCH('השוואת פקטורים'!P$6, טבלה1[[#Headers],[SPPR_1986]:[SPPR_symbolic_full_import_as_DC]], 0)) / INDEX(טבלה1[[SPPR_1986]:[SPPR_symbolic_full_import_as_DC]], MATCH('השוואת פקטורים'!$B10, 'PPRs all'!$A$2:$A$108, 0), MATCH('השוואת פקטורים'!O$6, טבלה1[[#Headers],[SPPR_1986]:[SPPR_symbolic_full_import_as_DC]], 0)), INDEX(טבלה2[[SPPR_1986]:[SPPR_symbolic_full_import_as_DC]], MATCH('השוואת פקטורים'!$B10, 'PPRs inner'!$A$2:$A$108, 0), MATCH('השוואת פקטורים'!P$6, טבלה2[[#Headers],[SPPR_1986]:[SPPR_symbolic_full_import_as_DC]], 0)) / INDEX(טבלה2[[SPPR_1986]:[SPPR_symbolic_full_import_as_DC]], MATCH('השוואת פקטורים'!$B10, 'PPRs inner'!$A$2:$A$108, 0), MATCH('השוואת פקטורים'!O$6, טבלה2[[#Headers],[SPPR_1986]:[SPPR_symbolic_full_import_as_DC]], 0)) ) -> 0.12521116 | Q10: =IF($B$4="סהכ", INDEX(טבלה1[[SPPR_1986]:[SPPR_symbolic_full_import_as_DC]], MATCH('השוואת פקטורים'!$B10, 'PPRs all'!$A$2:$A$108, 0), MATCH('השוואת פקטורים'!Q$6, טבלה1[[#Headers],[SPPR_1986]:[SPPR_symbolic_full_import_as_DC]], 0)) / INDEX(טבלה1[[SPPR_1986]:[SPPR_symbolic_full_import_as_DC]], MATCH('השוואת פקטורים'!$B10, 'PPRs all'!$A$2:$A$108, 0), MATCH('השוואת פקטורים'!P$6, טבלה1[[#Headers],[SPPR_1986]:[SPPR_symbolic_full_import_as_DC]], 0)), INDEX(טבלה2[[SPPR_1986]:[SPPR_symbolic_full_import_as_DC]], MATCH('השוואת פקטורים'!$B10, 'PPRs inner'!$A$2:$A$108, 0), MATCH('השוואת פקטורים'!Q$6, טבלה2[[#Headers],[SPPR_1986]:[SPPR_symbolic_full_import_as_DC]], 0)) / INDEX(טבלה2[[SPPR_1986]:[SPPR_symbolic_full_import_as_DC]], MATCH('השוואת פקטורים'!$B10, 'PPRs inner'!$A$2:$A$108, 0), MATCH('השוואת פקטורים'!P$6, טבלה2[[#Headers],[SPPR_1986]:[SPPR_symbolic_full_import_as_DC]], 0)) ) -> 1 | R10: =IF($B$4="סהכ", INDEX(טבלה1[[SPPR_1986]:[SPPR_symbolic_full_import_as_DC]], MATCH('השוואת פקטורים'!$B10, 'PPRs all'!$A$2:$A$108, 0), MATCH('השוואת פקטורים'!R$6, טבלה1[[#Headers],[SPPR_1986]:[SPPR_symbolic_full_import_as_DC]], 0)) / INDEX(טבלה1[[SPPR_1986]:[SPPR_symbolic_full_import_as_DC]], MATCH('השוואת פקטורים'!$B10, 'PPRs all'!$A$2:$A$108, 0), MATCH('השוואת פקטורים'!Q$6, טבלה1[[#Headers],[SPPR_1986]:[SPPR_symbolic_full_import_as_DC]], 0)), INDEX(טבלה2[[SPPR_1986]:[SPPR_symbolic_full_import_as_DC]], MATCH('השוואת פקטורים'!$B10, 'PPRs inner'!$A$2:$A$108, 0), MATCH('השוואת פקטורים'!R$6, טבלה2[[#Headers],[SPPR_1986]:[SPPR_symbolic_full_import_as_DC]], 0)) / INDEX(טבלה2[[SPPR_1986]:[SPPR_symbolic_full_import_as_DC]], MATCH('השוואת פקטורים'!$B10, 'PPRs inner'!$A$2:$A$108, 0), MATCH('השוואת פקטורים'!Q$6, טבלה2[[#Headers],[SPPR_1986]:[SPPR_symbolic_full_import_as_DC]], 0)) ) -> 1 | ... U10: =IF($B$4="סהכ", INDEX(טבלה1[[SPPR_1986]:[SPPR_symbolic_full_import_as_DC]], MATCH('השוואת פקטורים'!$B10, 'PPRs all'!$A$2:$A$108, 0), MATCH('השוואת פקטורים'!U$6, טבלה1[[#Headers],[SPPR_1986]:[SPPR_symbolic_full_import_as_DC]], 0)) / INDEX(טבלה1[[SPPR_1986]:[SPPR_symbolic_full_import_as_DC]], MATCH('השוואת פקטורים'!$B10, 'PPRs all'!$A$2:$A$108, 0), MATCH('השוואת פקטורים'!T$6, טבלה1[[#Headers],[SPPR_1986]:[SPPR_symbolic_full_import_as_DC]], 0)), INDEX(טבלה2[[SPPR_1986]:[SPPR_symbolic_full_import_as_DC]], MATCH('השוואת פקטורים'!$B10, 'PPRs inner'!$A$2:$A$108, 0), MATCH('השוואת פקטורים'!U$6, טבלה2[[#Headers],[SPPR_1986]:[SPPR_symbolic_full_import_as_DC]], 0)) / INDEX(טבלה2[[SPPR_1986]:[SPPR_symbolic_full_import_as_DC]], MATCH('השוואת פקטורים'!$B10, 'PPRs inner'!$A$2:$A$108, 0), MATCH('השוואת פקטורים'!T$6, טבלה2[[#Headers],[SPPR_1986]:[SPPR_symbolic_full_import_as_DC]], 0)) ) -> 1 | Z10: =PRODUCT(K10:Y10) -> 17.020819
B11: [40] Eastern Scotian Shelf 1980 | C11: TRUE | D11: TRUE | E11: TRUE | F11: =AND(C11:E11) -> TRUE | G11: =ABS(INDEX(טבלה5[[SPPR_1986]:[SPPR_symbolic_full_import_as_DC]],MATCH('השוואת פקטורים'!$B11,טבלה5[עמודה1],0),MATCH($C$4,טבלה5[[#Headers],[SPPR_1986]:[SPPR_symbolic_full_import_as_DC]],0))) < 5 -> TRUE | H11: =INDEX(טבלה3[[SPPR_1986]:[SPPR_symbolic_full_import_as_DC]],MATCH('השוואת פקטורים'!$B11,טבלה3[עמודה1],0),MATCH($C$4,טבלה3[[#Headers],[SPPR_1986]:[SPPR_symbolic_full_import_as_DC]],0)) -> TRUE | I11: =AND(C11:H11) -> TRUE | K11: =IF($B$4="סהכ", INDEX(טבלה1[[SPPR_1986]:[SPPR_symbolic_full_import_as_DC]], MATCH('השוואת פקטורים'!$B11, 'PPRs all'!$A$2:$A$108, 0), MATCH('השוואת פקטורים'!K$6, טבלה1[[#Headers],[SPPR_1986]:[SPPR_symbolic_full_import_as_DC]], 0)) / INDEX(טבלה1[[SPPR_1986]:[SPPR_symbolic_full_import_as_DC]], MATCH('השוואת פקטורים'!$B11, 'PPRs all'!$A$2:$A$108, 0), MATCH('השוואת פקטורים'!J$6, טבלה1[[#Headers],[SPPR_1986]:[SPPR_symbolic_full_import_as_DC]], 0)), INDEX(טבלה2[[SPPR_1986]:[SPPR_symbolic_full_import_as_DC]], MATCH('השוואת פקטורים'!$B11, 'PPRs inner'!$A$2:$A$108, 0), MATCH('השוואת פקטורים'!K$6, טבלה2[[#Headers],[SPPR_1986]:[SPPR_symbolic_full_import_as_DC]], 0)) / INDEX(טבלה2[[SPPR_1986]:[SPPR_symbolic_full_import_as_DC]], MATCH('השוואת פקטורים'!$B11, 'PPRs inner'!$A$2:$A$108, 0), MATCH('השוואת פקטורים'!J$6, טבלה2[[#Headers],[SPPR_1986]:[SPPR_symbolic_full_import_as_DC]], 0)) ) -> 0.4877326 | L11: =IF($B$4="סהכ", INDEX(טבלה1[[SPPR_1986]:[SPPR_symbolic_full_import_as_DC]], MATCH('השוואת פקטורים'!$B11, 'PPRs all'!$A$2:$A$108, 0), MATCH('השוואת פקטורים'!L$6, טבלה1[[#Headers],[SPPR_1986]:[SPPR_symbolic_full_import_as_DC]], 0)) / INDEX(טבלה1[[SPPR_1986]:[SPPR_symbolic_full_import_as_DC]], MATCH('השוואת פקטורים'!$B11, 'PPRs all'!$A$2:$A$108, 0), MATCH('השוואת פקטורים'!K$6, טבלה1[[#Headers],[SPPR_1986]:[SPPR_symbolic_full_import_as_DC]], 0)), INDEX(טבלה2[[SPPR_1986]:[SPPR_symbolic_full_import_as_DC]], MATCH('השוואת פקטורים'!$B11, 'PPRs inner'!$A$2:$A$108, 0), MATCH('השוואת פקטורים'!L$6, טבלה2[[#Headers],[SPPR_1986]:[SPPR_symbolic_full_import_as_DC]], 0)) / INDEX(טבלה2[[SPPR_1986]:[SPPR_symbolic_full_import_as_DC]], MATCH('השוואת פקטורים'!$B11, 'PPRs inner'!$A$2:$A$108, 0), MATCH('השוואת פקטורים'!K$6, טבלה2[[#Headers],[SPPR_1986]:[SPPR_symbolic_full_import_as_DC]], 0)) ) -> 3.0612065 | M11: =IF($B$4="סהכ", INDEX(טבלה1[[SPPR_1986]:[SPPR_symbolic_full_import_as_DC]], MATCH('השוואת פקטורים'!$B11, 'PPRs all'!$A$2:$A$108, 0), MATCH('השוואת פקטורים'!M$6, טבלה1[[#Headers],[SPPR_1986]:[SPPR_symbolic_full_import_as_DC]], 0)) / INDEX(טבלה1[[SPPR_1986]:[SPPR_symbolic_full_import_as_DC]], MATCH('השוואת פקטורים'!$B11, 'PPRs all'!$A$2:$A$108, 0), MATCH('השוואת פקטורים'!L$6, טבלה1[[#Headers],[SPPR_1986]:[SPPR_symbolic_full_import_as_DC]], 0)), INDEX(טבלה2[[SPPR_1986]:[SPPR_symbolic_full_import_as_DC]], MATCH('השוואת פקטורים'!$B11, 'PPRs inner'!$A$2:$A$108, 0), MATCH('השוואת פקטורים'!M$6, טבלה2[[#Headers],[SPPR_1986]:[SPPR_symbolic_full_import_as_DC]], 0)) / INDEX(טבלה2[[SPPR_1986]:[SPPR_symbolic_full_import_as_DC]], MATCH('השוואת פקטורים'!$B11, 'PPRs inner'!$A$2:$A$108, 0), MATCH('השוואת פקטורים'!L$6, טבלה2[[#Headers],[SPPR_1986]:[SPPR_symbolic_full_import_as_DC]], 0)) ) -> 2.1857864 | N11: =IF($B$4="סהכ", INDEX(טבלה1[[SPPR_1986]:[SPPR_symbolic_full_import_as_DC]], MATCH('השוואת פקטורים'!$B11, 'PPRs all'!$A$2:$A$108, 0), MATCH('השוואת פקטורים'!N$6, טבלה1[[#Headers],[SPPR_1986]:[SPPR_symbolic_full_import_as_DC]], 0)) / INDEX(טבלה1[[SPPR_1986]:[SPPR_symbolic_full_import_as_DC]], MATCH('השוואת פקטורים'!$B11, 'PPRs all'!$A$2:$A$108, 0), MATCH('השוואת פקטורים'!M$6, טבלה1[[#Headers],[SPPR_1986]:[SPPR_symbolic_full_import_as_DC]], 0)), INDEX(טבלה2[[SPPR_1986]:[SPPR_symbolic_full_import_as_DC]], MATCH('השוואת פקטורים'!$B11, 'PPRs inner'!$A$2:$A$108, 0), MATCH('השוואת פקטורים'!N$6, טבלה2[[#Headers],[SPPR_1986]:[SPPR_symbolic_full_import_as_DC]], 0)) / INDEX(טבלה2[[SPPR_1986]:[SPPR_symbolic_full_import_as_DC]], MATCH('השוואת פקטורים'!$B11, 'PPRs inner'!$A$2:$A$108, 0), MATCH('השוואת פקטורים'!M$6, טבלה2[[#Headers],[SPPR_1986]:[SPPR_symbolic_full_import_as_DC]], 0)) ) -> 1.1220209 | O11: =IF($B$4="סהכ", INDEX(טבלה1[[SPPR_1986]:[SPPR_symbolic_full_import_as_DC]], MATCH('השוואת פקטורים'!$B11, 'PPRs all'!$A$2:$A$108, 0), MATCH('השוואת פקטורים'!O$6, טבלה1[[#Headers],[SPPR_1986]:[SPPR_symbolic_full_import_as_DC]], 0)) / INDEX(טבלה1[[SPPR_1986]:[SPPR_symbolic_full_import_as_DC]], MATCH('השוואת פקטורים'!$B11, 'PPRs all'!$A$2:$A$108, 0), MATCH('השוואת פקטורים'!N$6, טבלה1[[#Headers],[SPPR_1986]:[SPPR_symbolic_full_import_as_DC]], 0)), INDEX(טבלה2[[SPPR_1986]:[SPPR_symbolic_full_import_as_DC]], MATCH('השוואת פקטורים'!$B11, 'PPRs inner'!$A$2:$A$108, 0), MATCH('השוואת פקטורים'!O$6, טבלה2[[#Headers],[SPPR_1986]:[SPPR_symbolic_full_import_as_DC]], 0)) / INDEX(טבלה2[[SPPR_1986]:[SPPR_symbolic_full_import_as_DC]], MATCH('השוואת פקטורים'!$B11, 'PPRs inner'!$A$2:$A$108, 0), MATCH('השוואת פקטורים'!N$6, טבלה2[[#Headers],[SPPR_1986]:[SPPR_symbolic_full_import_as_DC]], 0)) ) -> 1 | P11: =IF($B$4="סהכ", INDEX(טבלה1[[SPPR_1986]:[SPPR_symbolic_full_import_as_DC]], MATCH('השוואת פקטורים'!$B11, 'PPRs all'!$A$2:$A$108, 0), MATCH('השוואת פקטורים'!P$6, טבלה1[[#Headers],[SPPR_1986]:[SPPR_symbolic_full_import_as_DC]], 0)) / INDEX(טבלה1[[SPPR_1986]:[SPPR_symbolic_full_import_as_DC]], MATCH('השוואת פקטורים'!$B11, 'PPRs all'!$A$2:$A$108, 0), MATCH('השוואת פקטורים'!O$6, טבלה1[[#Headers],[SPPR_1986]:[SPPR_symbolic_full_import_as_DC]], 0)), INDEX(טבלה2[[SPPR_1986]:[SPPR_symbolic_full_import_as_DC]], MATCH('השוואת פקטורים'!$B11, 'PPRs inner'!$A$2:$A$108, 0), MATCH('השוואת פקטורים'!P$6, טבלה2[[#Headers],[SPPR_1986]:[SPPR_symbolic_full_import_as_DC]], 0)) / INDEX(טבלה2[[SPPR_1986]:[SPPR_symbolic_full_import_as_DC]], MATCH('השוואת פקטורים'!$B11, 'PPRs inner'!$A$2:$A$108, 0), MATCH('השוואת פקטורים'!O$6, טבלה2[[#Headers],[SPPR_1986]:[SPPR_symbolic_full_import_as_DC]], 0)) ) -> 0.23914922 | Q11: =IF($B$4="סהכ", INDEX(טבלה1[[SPPR_1986]:[SPPR_symbolic_full_import_as_DC]], MATCH('השוואת פקטורים'!$B11, 'PPRs all'!$A$2:$A$108, 0), MATCH('השוואת פקטורים'!Q$6, טבלה1[[#Headers],[SPPR_1986]:[SPPR_symbolic_full_import_as_DC]], 0)) / INDEX(טבלה1[[SPPR_1986]:[SPPR_symbolic_full_import_as_DC]], MATCH('השוואת פקטורים'!$B11, 'PPRs all'!$A$2:$A$108, 0), MATCH('השוואת פקטורים'!P$6, טבלה1[[#Headers],[SPPR_1986]:[SPPR_symbolic_full_import_as_DC]], 0)), INDEX(טבלה2[[SPPR_1986]:[SPPR_symbolic_full_import_as_DC]], MATCH('השוואת פקטורים'!$B11, 'PPRs inner'!$A$2:$A$108, 0), MATCH('השוואת פקטורים'!Q$6, טבלה2[[#Headers],[SPPR_1986]:[SPPR_symbolic_full_import_as_DC]], 0)) / INDEX(טבלה2[[SPPR_1986]:[SPPR_symbolic_full_import_as_DC]], MATCH('השוואת פקטורים'!$B11, 'PPRs inner'!$A$2:$A$108, 0), MATCH('השוואת פקטורים'!P$6, טבלה2[[#Headers],[SPPR_1986]:[SPPR_symbolic_full_import_as_DC]], 0)) ) -> 1 | R11: =IF($B$4="סהכ", INDEX(טבלה1[[SPPR_1986]:[SPPR_symbolic_full_import_as_DC]], MATCH('השוואת פקטורים'!$B11, 'PPRs all'!$A$2:$A$108, 0), MATCH('השוואת פקטורים'!R$6, טבלה1[[#Headers],[SPPR_1986]:[SPPR_symbolic_full_import_as_DC]], 0)) / INDEX(טבלה1[[SPPR_1986]:[SPPR_symbolic_full_import_as_DC]], MATCH('השוואת פקטורים'!$B11, 'PPRs all'!$A$2:$A$108, 0), MATCH('השוואת פקטורים'!Q$6, טבלה1[[#Headers],[SPPR_1986]:[SPPR_symbolic_full_import_as_DC]], 0)), INDEX(טבלה2[[SPPR_1986]:[SPPR_symbolic_full_import_as_DC]], MATCH('השוואת פקטורים'!$B11, 'PPRs inner'!$A$2:$A$108, 0), MATCH('השוואת פקטורים'!R$6, טבלה2[[#Headers],[SPPR_1986]:[SPPR_symbolic_full_import_as_DC]], 0)) / INDEX(טבלה2[[SPPR_1986]:[SPPR_symbolic_full_import_as_DC]], MATCH('השוואת פקטורים'!$B11, 'PPRs inner'!$A$2:$A$108, 0), MATCH('השוואת פקטורים'!Q$6, טבלה2[[#Headers],[SPPR_1986]:[SPPR_symbolic_full_import_as_DC]], 0)) ) -> 1.017914 | ... U11: =IF($B$4="סהכ", INDEX(טבלה1[[SPPR_1986]:[SPPR_symbolic_full_import_as_DC]], MATCH('השוואת פקטורים'!$B11, 'PPRs all'!$A$2:$A$108, 0), MATCH('השוואת פקטורים'!U$6, טבלה1[[#Headers],[SPPR_1986]:[SPPR_symbolic_full_import_as_DC]], 0)) / INDEX(טבלה1[[SPPR_1986]:[SPPR_symbolic_full_import_as_DC]], MATCH('השוואת פקטורים'!$B11, 'PPRs all'!$A$2:$A$108, 0), MATCH('השוואת פקטורים'!T$6, טבלה1[[#Headers],[SPPR_1986]:[SPPR_symbolic_full_import_as_DC]], 0)), INDEX(טבלה2[[SPPR_1986]:[SPPR_symbolic_full_import_as_DC]], MATCH('השוואת פקטורים'!$B11, 'PPRs inner'!$A$2:$A$108, 0), MATCH('השוואת פקטורים'!U$6, טבלה2[[#Headers],[SPPR_1986]:[SPPR_symbolic_full_import_as_DC]], 0)) / INDEX(טבלה2[[SPPR_1986]:[SPPR_symbolic_full_import_as_DC]], MATCH('השוואת פקטורים'!$B11, 'PPRs inner'!$A$2:$A$108, 0), MATCH('השוואת פקטורים'!T$6, טבלה2[[#Headers],[SPPR_1986]:[SPPR_symbolic_full_import_as_DC]], 0)) ) -> 0.98240129 | Z11: =PRODUCT(K11:Y11) -> 0.87569341
B12: [41] Eastern Scotian Shelf 1995 | C12: TRUE | D12: TRUE | E12: TRUE | F12: =AND(C12:E12) -> TRUE | G12: =ABS(INDEX(טבלה5[[SPPR_1986]:[SPPR_symbolic_full_import_as_DC]],MATCH('השוואת פקטורים'!$B12,טבלה5[עמודה1],0),MATCH($C$4,טבלה5[[#Headers],[SPPR_1986]:[SPPR_symbolic_full_import_as_DC]],0))) < 5 -> TRUE | H12: =INDEX(טבלה3[[SPPR_1986]:[SPPR_symbolic_full_import_as_DC]],MATCH('השוואת פקטורים'!$B12,טבלה3[עמודה1],0),MATCH($C$4,טבלה3[[#Headers],[SPPR_1986]:[SPPR_symbolic_full_import_as_DC]],0)) -> TRUE | I12: =AND(C12:H12) -> TRUE | K12: =IF($B$4="סהכ", INDEX(טבלה1[[SPPR_1986]:[SPPR_symbolic_full_import_as_DC]], MATCH('השוואת פקטורים'!$B12, 'PPRs all'!$A$2:$A$108, 0), MATCH('השוואת פקטורים'!K$6, טבלה1[[#Headers],[SPPR_1986]:[SPPR_symbolic_full_import_as_DC]], 0)) / INDEX(טבלה1[[SPPR_1986]:[SPPR_symbolic_full_import_as_DC]], MATCH('השוואת פקטורים'!$B12, 'PPRs all'!$A$2:$A$108, 0), MATCH('השוואת פקטורים'!J$6, טבלה1[[#Headers],[SPPR_1986]:[SPPR_symbolic_full_import_as_DC]], 0)), INDEX(טבלה2[[SPPR_1986]:[SPPR_symbolic_full_import_as_DC]], MATCH('השוואת פקטורים'!$B12, 'PPRs inner'!$A$2:$A$108, 0), MATCH('השוואת פקטורים'!K$6, טבלה2[[#Headers],[SPPR_1986]:[SPPR_symbolic_full_import_as_DC]], 0)) / INDEX(טבלה2[[SPPR_1986]:[SPPR_symbolic_full_import_as_DC]], MATCH('השוואת פקטורים'!$B12, 'PPRs inner'!$A$2:$A$108, 0), MATCH('השוואת פקטורים'!J$6, טבלה2[[#Headers],[SPPR_1986]:[SPPR_symbolic_full_import_as_DC]], 0)) ) -> 2.8779297 | L12: =IF($B$4="סהכ", INDEX(טבלה1[[SPPR_1986]:[SPPR_symbolic_full_import_as_DC]], MATCH('השוואת פקטורים'!$B12, 'PPRs all'!$A$2:$A$108, 0), MATCH('השוואת פקטורים'!L$6, טבלה1[[#Headers],[SPPR_1986]:[SPPR_symbolic_full_import_as_DC]], 0)) / INDEX(טבלה1[[SPPR_1986]:[SPPR_symbolic_full_import_as_DC]], MATCH('השוואת פקטורים'!$B12, 'PPRs all'!$A$2:$A$108, 0), MATCH('השוואת פקטורים'!K$6, טבלה1[[#Headers],[SPPR_1986]:[SPPR_symbolic_full_import_as_DC]], 0)), INDEX(טבלה2[[SPPR_1986]:[SPPR_symbolic_full_import_as_DC]], MATCH('השוואת פקטורים'!$B12, 'PPRs inner'!$A$2:$A$108, 0), MATCH('השוואת פקטורים'!L$6, טבלה2[[#Headers],[SPPR_1986]:[SPPR_symbolic_full_import_as_DC]], 0)) / INDEX(טבלה2[[SPPR_1986]:[SPPR_symbolic_full_import_as_DC]], MATCH('השוואת פקטורים'!$B12, 'PPRs inner'!$A$2:$A$108, 0), MATCH('השוואת פקטורים'!K$6, טבלה2[[#Headers],[SPPR_1986]:[SPPR_symbolic_full_import_as_DC]], 0)) ) -> 7.2128471 | M12: =IF($B$4="סהכ", INDEX(טבלה1[[SPPR_1986]:[SPPR_symbolic_full_import_as_DC]], MATCH('השוואת פקטורים'!$B12, 'PPRs all'!$A$2:$A$108, 0), MATCH('השוואת פקטורים'!M$6, טבלה1[[#Headers],[SPPR_1986]:[SPPR_symbolic_full_import_as_DC]], 0)) / INDEX(טבלה1[[SPPR_1986]:[SPPR_symbolic_full_import_as_DC]], MATCH('השוואת פקטורים'!$B12, 'PPRs all'!$A$2:$A$108, 0), MATCH('השוואת פקטורים'!L$6, טבלה1[[#Headers],[SPPR_1986]:[SPPR_symbolic_full_import_as_DC]], 0)), INDEX(טבלה2[[SPPR_1986]:[SPPR_symbolic_full_import_as_DC]], MATCH('השוואת פקטורים'!$B12, 'PPRs inner'!$A$2:$A$108, 0), MATCH('השוואת פקטורים'!M$6, טבלה2[[#Headers],[SPPR_1986]:[SPPR_symbolic_full_import_as_DC]], 0)) / INDEX(טבלה2[[SPPR_1986]:[SPPR_symbolic_full_import_as_DC]], MATCH('השוואת פקטורים'!$B12, 'PPRs inner'!$A$2:$A$108, 0), MATCH('השוואת פקטורים'!L$6, טבלה2[[#Headers],[SPPR_1986]:[SPPR_symbolic_full_import_as_DC]], 0)) ) -> 0.23031709 | N12: =IF($B$4="סהכ", INDEX(טבלה1[[SPPR_1986]:[SPPR_symbolic_full_import_as_DC]], MATCH('השוואת פקטורים'!$B12, 'PPRs all'!$A$2:$A$108, 0), MATCH('השוואת פקטורים'!N$6, טבלה1[[#Headers],[SPPR_1986]:[SPPR_symbolic_full_import_as_DC]], 0)) / INDEX(טבלה1[[SPPR_1986]:[SPPR_symbolic_full_import_as_DC]], MATCH('השוואת פקטורים'!$B12, 'PPRs all'!$A$2:$A$108, 0), MATCH('השוואת פקטורים'!M$6, טבלה1[[#Headers],[SPPR_1986]:[SPPR_symbolic_full_import_as_DC]], 0)), INDEX(טבלה2[[SPPR_1986]:[SPPR_symbolic_full_import_as_DC]], MATCH('השוואת פקטורים'!$B12, 'PPRs inner'!$A$2:$A$108, 0), MATCH('השוואת פקטורים'!N$6, טבלה2[[#Headers],[SPPR_1986]:[SPPR_symbolic_full_import_as_DC]], 0)) / INDEX(טבלה2[[SPPR_1986]:[SPPR_symbolic_full_import_as_DC]], MATCH('השוואת פקטורים'!$B12, 'PPRs inner'!$A$2:$A$108, 0), MATCH('השוואת פקטורים'!M$6, טבלה2[[#Headers],[SPPR_1986]:[SPPR_symbolic_full_import_as_DC]], 0)) ) -> 1.3749173 | O12: =IF($B$4="סהכ", INDEX(טבלה1[[SPPR_1986]:[SPPR_symbolic_full_import_as_DC]], MATCH('השוואת פקטורים'!$B12, 'PPRs all'!$A$2:$A$108, 0), MATCH('השוואת פקטורים'!O$6, טבלה1[[#Headers],[SPPR_1986]:[SPPR_symbolic_full_import_as_DC]], 0)) / INDEX(טבלה1[[SPPR_1986]:[SPPR_symbolic_full_import_as_DC]], MATCH('השוואת פקטורים'!$B12, 'PPRs all'!$A$2:$A$108, 0), MATCH('השוואת פקטורים'!N$6, טבלה1[[#Headers],[SPPR_1986]:[SPPR_symbolic_full_import_as_DC]], 0)), INDEX(טבלה2[[SPPR_1986]:[SPPR_symbolic_full_import_as_DC]], MATCH('השוואת פקטורים'!$B12, 'PPRs inner'!$A$2:$A$108, 0), MATCH('השוואת פקטורים'!O$6, טבלה2[[#Headers],[SPPR_1986]:[SPPR_symbolic_full_import_as_DC]], 0)) / INDEX(טבלה2[[SPPR_1986]:[SPPR_symbolic_full_import_as_DC]], MATCH('השוואת פקטורים'!$B12, 'PPRs inner'!$A$2:$A$108, 0), MATCH('השוואת פקטורים'!N$6, טבלה2[[#Headers],[SPPR_1986]:[SPPR_symbolic_full_import_as_DC]], 0)) ) -> 1 | P12: =IF($B$4="סהכ", INDEX(טבלה1[[SPPR_1986]:[SPPR_symbolic_full_import_as_DC]], MATCH('השוואת פקטורים'!$B12, 'PPRs all'!$A$2:$A$108, 0), MATCH('השוואת פקטורים'!P$6, טבלה1[[#Headers],[SPPR_1986]:[SPPR_symbolic_full_import_as_DC]], 0)) / INDEX(טבלה1[[SPPR_1986]:[SPPR_symbolic_full_import_as_DC]], MATCH('השוואת פקטורים'!$B12, 'PPRs all'!$A$2:$A$108, 0), MATCH('השוואת פקטורים'!O$6, טבלה1[[#Headers],[SPPR_1986]:[SPPR_symbolic_full_import_as_DC]], 0)), INDEX(טבלה2[[SPPR_1986]:[SPPR_symbolic_full_import_as_DC]], MATCH('השוואת פקטורים'!$B12, 'PPRs inner'!$A$2:$A$108, 0), MATCH('השוואת פקטורים'!P$6, טבלה2[[#Headers],[SPPR_1986]:[SPPR_symbolic_full_import_as_DC]], 0)) / INDEX(טבלה2[[SPPR_1986]:[SPPR_symbolic_full_import_as_DC]], MATCH('השוואת פקטורים'!$B12, 'PPRs inner'!$A$2:$A$108, 0), MATCH('השוואת פקטורים'!O$6, טבלה2[[#Headers],[SPPR_1986]:[SPPR_symbolic_full_import_as_DC]], 0)) ) -> 0.36195577 | Q12: =IF($B$4="סהכ", INDEX(טבלה1[[SPPR_1986]:[SPPR_symbolic_full_import_as_DC]], MATCH('השוואת פקטורים'!$B12, 'PPRs all'!$A$2:$A$108, 0), MATCH('השוואת פקטורים'!Q$6, טבלה1[[#Headers],[SPPR_1986]:[SPPR_symbolic_full_import_as_DC]], 0)) / INDEX(טבלה1[[SPPR_1986]:[SPPR_symbolic_full_import_as_DC]], MATCH('השוואת פקטורים'!$B12, 'PPRs all'!$A$2:$A$108, 0), MATCH('השוואת פקטורים'!P$6, טבלה1[[#Headers],[SPPR_1986]:[SPPR_symbolic_full_import_as_DC]], 0)), INDEX(טבלה2[[SPPR_1986]:[SPPR_symbolic_full_import_as_DC]], MATCH('השוואת פקטורים'!$B12, 'PPRs inner'!$A$2:$A$108, 0), MATCH('השוואת פקטורים'!Q$6, טבלה2[[#Headers],[SPPR_1986]:[SPPR_symbolic_full_import_as_DC]], 0)) / INDEX(טבלה2[[SPPR_1986]:[SPPR_symbolic_full_import_as_DC]], MATCH('השוואת פקטורים'!$B12, 'PPRs inner'!$A$2:$A$108, 0), MATCH('השוואת פקטורים'!P$6, טבלה2[[#Headers],[SPPR_1986]:[SPPR_symbolic_full_import_as_DC]], 0)) ) -> 1 | R12: =IF($B$4="סהכ", INDEX(טבלה1[[SPPR_1986]:[SPPR_symbolic_full_import_as_DC]], MATCH('השוואת פקטורים'!$B12, 'PPRs all'!$A$2:$A$108, 0), MATCH('השוואת פקטורים'!R$6, טבלה1[[#Headers],[SPPR_1986]:[SPPR_symbolic_full_import_as_DC]], 0)) / INDEX(טבלה1[[SPPR_1986]:[SPPR_symbolic_full_import_as_DC]], MATCH('השוואת פקטורים'!$B12, 'PPRs all'!$A$2:$A$108, 0), MATCH('השוואת פקטורים'!Q$6, טבלה1[[#Headers],[SPPR_1986]:[SPPR_symbolic_full_import_as_DC]], 0)), INDEX(טבלה2[[SPPR_1986]:[SPPR_symbolic_full_import_as_DC]], MATCH('השוואת פקטורים'!$B12, 'PPRs inner'!$A$2:$A$108, 0), MATCH('השוואת פקטורים'!R$6, טבלה2[[#Headers],[SPPR_1986]:[SPPR_symbolic_full_import_as_DC]], 0)) / INDEX(טבלה2[[SPPR_1986]:[SPPR_symbolic_full_import_as_DC]], MATCH('השוואת פקטורים'!$B12, 'PPRs inner'!$A$2:$A$108, 0), MATCH('השוואת פקטורים'!Q$6, טבלה2[[#Headers],[SPPR_1986]:[SPPR_symbolic_full_import_as_DC]], 0)) ) -> 1.0467444 | ... U12: =IF($B$4="סהכ", INDEX(טבלה1[[SPPR_1986]:[SPPR_symbolic_full_import_as_DC]], MATCH('השוואת פקטורים'!$B12, 'PPRs all'!$A$2:$A$108, 0), MATCH('השוואת פקטורים'!U$6, טבלה1[[#Headers],[SPPR_1986]:[SPPR_symbolic_full_import_as_DC]], 0)) / INDEX(טבלה1[[SPPR_1986]:[SPPR_symbolic_full_import_as_DC]], MATCH('השוואת פקטורים'!$B12, 'PPRs all'!$A$2:$A$108, 0), MATCH('השוואת פקטורים'!T$6, טבלה1[[#Headers],[SPPR_1986]:[SPPR_symbolic_full_import_as_DC]], 0)), INDEX(טבלה2[[SPPR_1986]:[SPPR_symbolic_full_import_as_DC]], MATCH('השוואת פקטורים'!$B12, 'PPRs inner'!$A$2:$A$108, 0), MATCH('השוואת פקטורים'!U$6, טבלה2[[#Headers],[SPPR_1986]:[SPPR_symbolic_full_import_as_DC]], 0)) / INDEX(טבלה2[[SPPR_1986]:[SPPR_symbolic_full_import_as_DC]], MATCH('השוואת פקטורים'!$B12, 'PPRs inner'!$A$2:$A$108, 0), MATCH('השוואת פקטורים'!T$6, טבלה2[[#Headers],[SPPR_1986]:[SPPR_symbolic_full_import_as_DC]], 0)) ) -> 0.9553431 | Z12: =PRODUCT(K12:Y12) -> 2.3792779
B13: [46] Denmark, Faroe Islands 1997 | C13: TRUE | D13: TRUE | E13: TRUE | F13: =AND(C13:E13) -> TRUE | G13: =ABS(INDEX(טבלה5[[SPPR_1986]:[SPPR_symbolic_full_import_as_DC]],MATCH('השוואת פקטורים'!$B13,טבלה5[עמודה1],0),MATCH($C$4,טבלה5[[#Headers],[SPPR_1986]:[SPPR_symbolic_full_import_as_DC]],0))) < 5 -> TRUE | H13: =INDEX(טבלה3[[SPPR_1986]:[SPPR_symbolic_full_import_as_DC]],MATCH('השוואת פקטורים'!$B13,טבלה3[עמודה1],0),MATCH($C$4,טבלה3[[#Headers],[SPPR_1986]:[SPPR_symbolic_full_import_as_DC]],0)) -> TRUE | I13: =AND(C13:H13) -> TRUE | K13: =IF($B$4="סהכ", INDEX(טבלה1[[SPPR_1986]:[SPPR_symbolic_full_import_as_DC]], MATCH('השוואת פקטורים'!$B13, 'PPRs all'!$A$2:$A$108, 0), MATCH('השוואת פקטורים'!K$6, טבלה1[[#Headers],[SPPR_1986]:[SPPR_symbolic_full_import_as_DC]], 0)) / INDEX(טבלה1[[SPPR_1986]:[SPPR_symbolic_full_import_as_DC]], MATCH('השוואת פקטורים'!$B13, 'PPRs all'!$A$2:$A$108, 0), MATCH('השוואת פקטורים'!J$6, טבלה1[[#Headers],[SPPR_1986]:[SPPR_symbolic_full_import_as_DC]], 0)), INDEX(טבלה2[[SPPR_1986]:[SPPR_symbolic_full_import_as_DC]], MATCH('השוואת פקטורים'!$B13, 'PPRs inner'!$A$2:$A$108, 0), MATCH('השוואת פקטורים'!K$6, טבלה2[[#Headers],[SPPR_1986]:[SPPR_symbolic_full_import_as_DC]], 0)) / INDEX(טבלה2[[SPPR_1986]:[SPPR_symbolic_full_import_as_DC]], MATCH('השוואת פקטורים'!$B13, 'PPRs inner'!$A$2:$A$108, 0), MATCH('השוואת פקטורים'!J$6, טבלה2[[#Headers],[SPPR_1986]:[SPPR_symbolic_full_import_as_DC]], 0)) ) -> 2.0428645 | L13: =IF($B$4="סהכ", INDEX(טבלה1[[SPPR_1986]:[SPPR_symbolic_full_import_as_DC]], MATCH('השוואת פקטורים'!$B13, 'PPRs all'!$A$2:$A$108, 0), MATCH('השוואת פקטורים'!L$6, טבלה1[[#Headers],[SPPR_1986]:[SPPR_symbolic_full_import_as_DC]], 0)) / INDEX(טבלה1[[SPPR_1986]:[SPPR_symbolic_full_import_as_DC]], MATCH('השוואת פקטורים'!$B13, 'PPRs all'!$A$2:$A$108, 0), MATCH('השוואת פקטורים'!K$6, טבלה1[[#Headers],[SPPR_1986]:[SPPR_symbolic_full_import_as_DC]], 0)), INDEX(טבלה2[[SPPR_1986]:[SPPR_symbolic_full_import_as_DC]], MATCH('השוואת פקטורים'!$B13, 'PPRs inner'!$A$2:$A$108, 0), MATCH('השוואת פקטורים'!L$6, טבלה2[[#Headers],[SPPR_1986]:[SPPR_symbolic_full_import_as_DC]], 0)) / INDEX(טבלה2[[SPPR_1986]:[SPPR_symbolic_full_import_as_DC]], MATCH('השוואת פקטורים'!$B13, 'PPRs inner'!$A$2:$A$108, 0), MATCH('השוואת פקטורים'!K$6, טבלה2[[#Headers],[SPPR_1986]:[SPPR_symbolic_full_import_as_DC]], 0)) ) -> 8.6420802 | M13: =IF($B$4="סהכ", INDEX(טבלה1[[SPPR_1986]:[SPPR_symbolic_full_import_as_DC]], MATCH('השוואת פקטורים'!$B13, 'PPRs all'!$A$2:$A$108, 0), MATCH('השוואת פקטורים'!M$6, טבלה1[[#Headers],[SPPR_1986]:[SPPR_symbolic_full_import_as_DC]], 0)) / INDEX(טבלה1[[SPPR_1986]:[SPPR_symbolic_full_import_as_DC]], MATCH('השוואת פקטורים'!$B13, 'PPRs all'!$A$2:$A$108, 0), MATCH('השוואת פקטורים'!L$6, טבלה1[[#Headers],[SPPR_1986]:[SPPR_symbolic_full_import_as_DC]], 0)), INDEX(טבלה2[[SPPR_1986]:[SPPR_symbolic_full_import_as_DC]], MATCH('השוואת פקטורים'!$B13, 'PPRs inner'!$A$2:$A$108, 0), MATCH('השוואת פקטורים'!M$6, טבלה2[[#Headers],[SPPR_1986]:[SPPR_symbolic_full_import_as_DC]], 0)) / INDEX(טבלה2[[SPPR_1986]:[SPPR_symbolic_full_import_as_DC]], MATCH('השוואת פקטורים'!$B13, 'PPRs inner'!$A$2:$A$108, 0), MATCH('השוואת פקטורים'!L$6, טבלה2[[#Headers],[SPPR_1986]:[SPPR_symbolic_full_import_as_DC]], 0)) ) -> 0.092907644 | N13: =IF($B$4="סהכ", INDEX(טבלה1[[SPPR_1986]:[SPPR_symbolic_full_import_as_DC]], MATCH('השוואת פקטורים'!$B13, 'PPRs all'!$A$2:$A$108, 0), MATCH('השוואת פקטורים'!N$6, טבלה1[[#Headers],[SPPR_1986]:[SPPR_symbolic_full_import_as_DC]], 0)) / INDEX(טבלה1[[SPPR_1986]:[SPPR_symbolic_full_import_as_DC]], MATCH('השוואת פקטורים'!$B13, 'PPRs all'!$A$2:$A$108, 0), MATCH('השוואת פקטורים'!M$6, טבלה1[[#Headers],[SPPR_1986]:[SPPR_symbolic_full_import_as_DC]], 0)), INDEX(טבלה2[[SPPR_1986]:[SPPR_symbolic_full_import_as_DC]], MATCH('השוואת פקטורים'!$B13, 'PPRs inner'!$A$2:$A$108, 0), MATCH('השוואת פקטורים'!N$6, טבלה2[[#Headers],[SPPR_1986]:[SPPR_symbolic_full_import_as_DC]], 0)) / INDEX(טבלה2[[SPPR_1986]:[SPPR_symbolic_full_import_as_DC]], MATCH('השוואת פקטורים'!$B13, 'PPRs inner'!$A$2:$A$108, 0), MATCH('השוואת פקטורים'!M$6, טבלה2[[#Headers],[SPPR_1986]:[SPPR_symbolic_full_import_as_DC]], 0)) ) -> 2.3693583 | O13: =IF($B$4="סהכ", INDEX(טבלה1[[SPPR_1986]:[SPPR_symbolic_full_import_as_DC]], MATCH('השוואת פקטורים'!$B13, 'PPRs all'!$A$2:$A$108, 0), MATCH('השוואת פקטורים'!O$6, טבלה1[[#Headers],[SPPR_1986]:[SPPR_symbolic_full_import_as_DC]], 0)) / INDEX(טבלה1[[SPPR_1986]:[SPPR_symbolic_full_import_as_DC]], MATCH('השוואת פקטורים'!$B13, 'PPRs all'!$A$2:$A$108, 0), MATCH('השוואת פקטורים'!N$6, טבלה1[[#Headers],[SPPR_1986]:[SPPR_symbolic_full_import_as_DC]], 0)), INDEX(טבלה2[[SPPR_1986]:[SPPR_symbolic_full_import_as_DC]], MATCH('השוואת פקטורים'!$B13, 'PPRs inner'!$A$2:$A$108, 0), MATCH('השוואת פקטורים'!O$6, טבלה2[[#Headers],[SPPR_1986]:[SPPR_symbolic_full_import_as_DC]], 0)) / INDEX(טבלה2[[SPPR_1986]:[SPPR_symbolic_full_import_as_DC]], MATCH('השוואת פקטורים'!$B13, 'PPRs inner'!$A$2:$A$108, 0), MATCH('השוואת פקטורים'!N$6, טבלה2[[#Headers],[SPPR_1986]:[SPPR_symbolic_full_import_as_DC]], 0)) ) -> 1 | P13: =IF($B$4="סהכ", INDEX(טבלה1[[SPPR_1986]:[SPPR_symbolic_full_import_as_DC]], MATCH('השוואת פקטורים'!$B13, 'PPRs all'!$A$2:$A$108, 0), MATCH('השוואת פקטורים'!P$6, טבלה1[[#Headers],[SPPR_1986]:[SPPR_symbolic_full_import_as_DC]], 0)) / INDEX(טבלה1[[SPPR_1986]:[SPPR_symbolic_full_import_as_DC]], MATCH('השוואת פקטורים'!$B13, 'PPRs all'!$A$2:$A$108, 0), MATCH('השוואת פקטורים'!O$6, טבלה1[[#Headers],[SPPR_1986]:[SPPR_symbolic_full_import_as_DC]], 0)), INDEX(טבלה2[[SPPR_1986]:[SPPR_symbolic_full_import_as_DC]], MATCH('השוואת פקטורים'!$B13, 'PPRs inner'!$A$2:$A$108, 0), MATCH('השוואת פקטורים'!P$6, טבלה2[[#Headers],[SPPR_1986]:[SPPR_symbolic_full_import_as_DC]], 0)) / INDEX(טבלה2[[SPPR_1986]:[SPPR_symbolic_full_import_as_DC]], MATCH('השוואת פקטורים'!$B13, 'PPRs inner'!$A$2:$A$108, 0), MATCH('השוואת פקטורים'!O$6, טבלה2[[#Headers],[SPPR_1986]:[SPPR_symbolic_full_import_as_DC]], 0)) ) -> 0.55981454 | Q13: =IF($B$4="סהכ", INDEX(טבלה1[[SPPR_1986]:[SPPR_symbolic_full_import_as_DC]], MATCH('השוואת פקטורים'!$B13, 'PPRs all'!$A$2:$A$108, 0), MATCH('השוואת פקטורים'!Q$6, טבלה1[[#Headers],[SPPR_1986]:[SPPR_symbolic_full_import_as_DC]], 0)) / INDEX(טבלה1[[SPPR_1986]:[SPPR_symbolic_full_import_as_DC]], MATCH('השוואת פקטורים'!$B13, 'PPRs all'!$A$2:$A$108, 0), MATCH('השוואת פקטורים'!P$6, טבלה1[[#Headers],[SPPR_1986]:[SPPR_symbolic_full_import_as_DC]], 0)), INDEX(טבלה2[[SPPR_1986]:[SPPR_symbolic_full_import_as_DC]], MATCH('השוואת פקטורים'!$B13, 'PPRs inner'!$A$2:$A$108, 0), MATCH('השוואת פקטורים'!Q$6, טבלה2[[#Headers],[SPPR_1986]:[SPPR_symbolic_full_import_as_DC]], 0)) / INDEX(טבלה2[[SPPR_1986]:[SPPR_symbolic_full_import_as_DC]], MATCH('השוואת פקטורים'!$B13, 'PPRs inner'!$A$2:$A$108, 0), MATCH('השוואת פקטורים'!P$6, טבלה2[[#Headers],[SPPR_1986]:[SPPR_symbolic_full_import_as_DC]], 0)) ) -> 1 | R13: =IF($B$4="סהכ", INDEX(טבלה1[[SPPR_1986]:[SPPR_symbolic_full_import_as_DC]], MATCH('השוואת פקטורים'!$B13, 'PPRs all'!$A$2:$A$108, 0), MATCH('השוואת פקטורים'!R$6, טבלה1[[#Headers],[SPPR_1986]:[SPPR_symbolic_full_import_as_DC]], 0)) / INDEX(טבלה1[[SPPR_1986]:[SPPR_symbolic_full_import_as_DC]], MATCH('השוואת פקטורים'!$B13, 'PPRs all'!$A$2:$A$108, 0), MATCH('השוואת פקטורים'!Q$6, טבלה1[[#Headers],[SPPR_1986]:[SPPR_symbolic_full_import_as_DC]], 0)), INDEX(טבלה2[[SPPR_1986]:[SPPR_symbolic_full_import_as_DC]], MATCH('השוואת פקטורים'!$B13, 'PPRs inner'!$A$2:$A$108, 0), MATCH('השוואת פקטורים'!R$6, טבלה2[[#Headers],[SPPR_1986]:[SPPR_symbolic_full_import_as_DC]], 0)) / INDEX(טבלה2[[SPPR_1986]:[SPPR_symbolic_full_import_as_DC]], MATCH('השוואת פקטורים'!$B13, 'PPRs inner'!$A$2:$A$108, 0), MATCH('השוואת פקטורים'!Q$6, טבלה2[[#Headers],[SPPR_1986]:[SPPR_symbolic_full_import_as_DC]], 0)) ) -> 1 | ... U13: =IF($B$4="סהכ", INDEX(טבלה1[[SPPR_1986]:[SPPR_symbolic_full_import_as_DC]], MATCH('השוואת פקטורים'!$B13, 'PPRs all'!$A$2:$A$108, 0), MATCH('השוואת פקטורים'!U$6, טבלה1[[#Headers],[SPPR_1986]:[SPPR_symbolic_full_import_as_DC]], 0)) / INDEX(טבלה1[[SPPR_1986]:[SPPR_symbolic_full_import_as_DC]], MATCH('השוואת פקטורים'!$B13, 'PPRs all'!$A$2:$A$108, 0), MATCH('השוואת פקטורים'!T$6, טבלה1[[#Headers],[SPPR_1986]:[SPPR_symbolic_full_import_as_DC]], 0)), INDEX(טבלה2[[SPPR_1986]:[SPPR_symbolic_full_import_as_DC]], MATCH('השוואת פקטורים'!$B13, 'PPRs inner'!$A$2:$A$108, 0), MATCH('השוואת פקטורים'!U$6, טבלה2[[#Headers],[SPPR_1986]:[SPPR_symbolic_full_import_as_DC]], 0)) / INDEX(טבלה2[[SPPR_1986]:[SPPR_symbolic_full_import_as_DC]], MATCH('השוואת פקטורים'!$B13, 'PPRs inner'!$A$2:$A$108, 0), MATCH('השוואת פקטורים'!T$6, טבלה2[[#Headers],[SPPR_1986]:[SPPR_symbolic_full_import_as_DC]], 0)) ) -> 1 | Z13: =PRODUCT(K13:Y13) -> 2.1756259
B14: [68] Icelandic shelf 1997 | C14: TRUE | D14: TRUE | E14: TRUE | F14: =AND(C14:E14) -> TRUE | G14: =ABS(INDEX(טבלה5[[SPPR_1986]:[SPPR_symbolic_full_import_as_DC]],MATCH('השוואת פקטורים'!$B14,טבלה5[עמודה1],0),MATCH($C$4,טבלה5[[#Headers],[SPPR_1986]:[SPPR_symbolic_full_import_as_DC]],0))) < 5 -> TRUE | H14: =INDEX(טבלה3[[SPPR_1986]:[SPPR_symbolic_full_import_as_DC]],MATCH('השוואת פקטורים'!$B14,טבלה3[עמודה1],0),MATCH($C$4,טבלה3[[#Headers],[SPPR_1986]:[SPPR_symbolic_full_import_as_DC]],0)) -> TRUE | I14: =AND(C14:H14) -> TRUE | K14: =IF($B$4="סהכ", INDEX(טבלה1[[SPPR_1986]:[SPPR_symbolic_full_import_as_DC]], MATCH('השוואת פקטורים'!$B14, 'PPRs all'!$A$2:$A$108, 0), MATCH('השוואת פקטורים'!K$6, טבלה1[[#Headers],[SPPR_1986]:[SPPR_symbolic_full_import_as_DC]], 0)) / INDEX(טבלה1[[SPPR_1986]:[SPPR_symbolic_full_import_as_DC]], MATCH('השוואת פקטורים'!$B14, 'PPRs all'!$A$2:$A$108, 0), MATCH('השוואת פקטורים'!J$6, טבלה1[[#Headers],[SPPR_1986]:[SPPR_symbolic_full_import_as_DC]], 0)), INDEX(טבלה2[[SPPR_1986]:[SPPR_symbolic_full_import_as_DC]], MATCH('השוואת פקטורים'!$B14, 'PPRs inner'!$A$2:$A$108, 0), MATCH('השוואת פקטורים'!K$6, טבלה2[[#Headers],[SPPR_1986]:[SPPR_symbolic_full_import_as_DC]], 0)) / INDEX(טבלה2[[SPPR_1986]:[SPPR_symbolic_full_import_as_DC]], MATCH('השוואת פקטורים'!$B14, 'PPRs inner'!$A$2:$A$108, 0), MATCH('השוואת פקטורים'!J$6, טבלה2[[#Headers],[SPPR_1986]:[SPPR_symbolic_full_import_as_DC]], 0)) ) -> 0.099346934 | L14: =IF($B$4="סהכ", INDEX(טבלה1[[SPPR_1986]:[SPPR_symbolic_full_import_as_DC]], MATCH('השוואת פקטורים'!$B14, 'PPRs all'!$A$2:$A$108, 0), MATCH('השוואת פקטורים'!L$6, טבלה1[[#Headers],[SPPR_1986]:[SPPR_symbolic_full_import_as_DC]], 0)) / INDEX(טבלה1[[SPPR_1986]:[SPPR_symbolic_full_import_as_DC]], MATCH('השוואת פקטורים'!$B14, 'PPRs all'!$A$2:$A$108, 0), MATCH('השוואת פקטורים'!K$6, טבלה1[[#Headers],[SPPR_1986]:[SPPR_symbolic_full_import_as_DC]], 0)), INDEX(טבלה2[[SPPR_1986]:[SPPR_symbolic_full_import_as_DC]], MATCH('השוואת פקטורים'!$B14, 'PPRs inner'!$A$2:$A$108, 0), MATCH('השוואת פקטורים'!L$6, טבלה2[[#Headers],[SPPR_1986]:[SPPR_symbolic_full_import_as_DC]], 0)) / INDEX(טבלה2[[SPPR_1986]:[SPPR_symbolic_full_import_as_DC]], MATCH('השוואת פקטורים'!$B14, 'PPRs inner'!$A$2:$A$108, 0), MATCH('השוואת פקטורים'!K$6, טבלה2[[#Headers],[SPPR_1986]:[SPPR_symbolic_full_import_as_DC]], 0)) ) -> 1.1559905 | M14: =IF($B$4="סהכ", INDEX(טבלה1[[SPPR_1986]:[SPPR_symbolic_full_import_as_DC]], MATCH('השוואת פקטורים'!$B14, 'PPRs all'!$A$2:$A$108, 0), MATCH('השוואת פקטורים'!M$6, טבלה1[[#Headers],[SPPR_1986]:[SPPR_symbolic_full_import_as_DC]], 0)) / INDEX(טבלה1[[SPPR_1986]:[SPPR_symbolic_full_import_as_DC]], MATCH('השוואת פקטורים'!$B14, 'PPRs all'!$A$2:$A$108, 0), MATCH('השוואת פקטורים'!L$6, טבלה1[[#Headers],[SPPR_1986]:[SPPR_symbolic_full_import_as_DC]], 0)), INDEX(טבלה2[[SPPR_1986]:[SPPR_symbolic_full_import_as_DC]], MATCH('השוואת פקטורים'!$B14, 'PPRs inner'!$A$2:$A$108, 0), MATCH('השוואת פקטורים'!M$6, טבלה2[[#Headers],[SPPR_1986]:[SPPR_symbolic_full_import_as_DC]], 0)) / INDEX(טבלה2[[SPPR_1986]:[SPPR_symbolic_full_import_as_DC]], MATCH('השוואת פקטורים'!$B14, 'PPRs inner'!$A$2:$A$108, 0), MATCH('השוואת פקטורים'!L$6, טבלה2[[#Headers],[SPPR_1986]:[SPPR_symbolic_full_import_as_DC]], 0)) ) -> 5.6210761 | N14: =IF($B$4="סהכ", INDEX(טבלה1[[SPPR_1986]:[SPPR_symbolic_full_import_as_DC]], MATCH('השוואת פקטורים'!$B14, 'PPRs all'!$A$2:$A$108, 0), MATCH('השוואת פקטורים'!N$6, טבלה1[[#Headers],[SPPR_1986]:[SPPR_symbolic_full_import_as_DC]], 0)) / INDEX(טבלה1[[SPPR_1986]:[SPPR_symbolic_full_import_as_DC]], MATCH('השוואת פקטורים'!$B14, 'PPRs all'!$A$2:$A$108, 0), MATCH('השוואת פקטורים'!M$6, טבלה1[[#Headers],[SPPR_1986]:[SPPR_symbolic_full_import_as_DC]], 0)), INDEX(טבלה2[[SPPR_1986]:[SPPR_symbolic_full_import_as_DC]], MATCH('השוואת פקטורים'!$B14, 'PPRs inner'!$A$2:$A$108, 0), MATCH('השוואת פקטורים'!N$6, טבלה2[[#Headers],[SPPR_1986]:[SPPR_symbolic_full_import_as_DC]], 0)) / INDEX(טבלה2[[SPPR_1986]:[SPPR_symbolic_full_import_as_DC]], MATCH('השוואת פקטורים'!$B14, 'PPRs inner'!$A$2:$A$108, 0), MATCH('השוואת פקטורים'!M$6, טבלה2[[#Headers],[SPPR_1986]:[SPPR_symbolic_full_import_as_DC]], 0)) ) -> 1.1685979 | O14: =IF($B$4="סהכ", INDEX(טבלה1[[SPPR_1986]:[SPPR_symbolic_full_import_as_DC]], MATCH('השוואת פקטורים'!$B14, 'PPRs all'!$A$2:$A$108, 0), MATCH('השוואת פקטורים'!O$6, טבלה1[[#Headers],[SPPR_1986]:[SPPR_symbolic_full_import_as_DC]], 0)) / INDEX(טבלה1[[SPPR_1986]:[SPPR_symbolic_full_import_as_DC]], MATCH('השוואת פקטורים'!$B14, 'PPRs all'!$A$2:$A$108, 0), MATCH('השוואת פקטורים'!N$6, טבלה1[[#Headers],[SPPR_1986]:[SPPR_symbolic_full_import_as_DC]], 0)), INDEX(טבלה2[[SPPR_1986]:[SPPR_symbolic_full_import_as_DC]], MATCH('השוואת פקטורים'!$B14, 'PPRs inner'!$A$2:$A$108, 0), MATCH('השוואת פקטורים'!O$6, טבלה2[[#Headers],[SPPR_1986]:[SPPR_symbolic_full_import_as_DC]], 0)) / INDEX(טבלה2[[SPPR_1986]:[SPPR_symbolic_full_import_as_DC]], MATCH('השוואת פקטורים'!$B14, 'PPRs inner'!$A$2:$A$108, 0), MATCH('השוואת פקטורים'!N$6, טבלה2[[#Headers],[SPPR_1986]:[SPPR_symbolic_full_import_as_DC]], 0)) ) -> 1 | P14: =IF($B$4="סהכ", INDEX(טבלה1[[SPPR_1986]:[SPPR_symbolic_full_import_as_DC]], MATCH('השוואת פקטורים'!$B14, 'PPRs all'!$A$2:$A$108, 0), MATCH('השוואת פקטורים'!P$6, טבלה1[[#Headers],[SPPR_1986]:[SPPR_symbolic_full_import_as_DC]], 0)) / INDEX(טבלה1[[SPPR_1986]:[SPPR_symbolic_full_import_as_DC]], MATCH('השוואת פקטורים'!$B14, 'PPRs all'!$A$2:$A$108, 0), MATCH('השוואת פקטורים'!O$6, טבלה1[[#Headers],[SPPR_1986]:[SPPR_symbolic_full_import_as_DC]], 0)), INDEX(טבלה2[[SPPR_1986]:[SPPR_symbolic_full_import_as_DC]], MATCH('השוואת פקטורים'!$B14, 'PPRs inner'!$A$2:$A$108, 0), MATCH('השוואת פקטורים'!P$6, טבלה2[[#Headers],[SPPR_1986]:[SPPR_symbolic_full_import_as_DC]], 0)) / INDEX(טבלה2[[SPPR_1986]:[SPPR_symbolic_full_import_as_DC]], MATCH('השוואת פקטורים'!$B14, 'PPRs inner'!$A$2:$A$108, 0), MATCH('השוואת פקטורים'!O$6, טבלה2[[#Headers],[SPPR_1986]:[SPPR_symbolic_full_import_as_DC]], 0)) ) -> 0.53993311 | Q14: =IF($B$4="סהכ", INDEX(טבלה1[[SPPR_1986]:[SPPR_symbolic_full_import_as_DC]], MATCH('השוואת פקטורים'!$B14, 'PPRs all'!$A$2:$A$108, 0), MATCH('השוואת פקטורים'!Q$6, טבלה1[[#Headers],[SPPR_1986]:[SPPR_symbolic_full_import_as_DC]], 0)) / INDEX(טבלה1[[SPPR_1986]:[SPPR_symbolic_full_import_as_DC]], MATCH('השוואת פקטורים'!$B14, 'PPRs all'!$A$2:$A$108, 0), MATCH('השוואת פקטורים'!P$6, טבלה1[[#Headers],[SPPR_1986]:[SPPR_symbolic_full_import_as_DC]], 0)), INDEX(טבלה2[[SPPR_1986]:[SPPR_symbolic_full_import_as_DC]], MATCH('השוואת פקטורים'!$B14, 'PPRs inner'!$A$2:$A$108, 0), MATCH('השוואת פקטורים'!Q$6, טבלה2[[#Headers],[SPPR_1986]:[SPPR_symbolic_full_import_as_DC]], 0)) / INDEX(טבלה2[[SPPR_1986]:[SPPR_symbolic_full_import_as_DC]], MATCH('השוואת פקטורים'!$B14, 'PPRs inner'!$A$2:$A$108, 0), MATCH('השוואת פקטורים'!P$6, טבלה2[[#Headers],[SPPR_1986]:[SPPR_symbolic_full_import_as_DC]], 0)) ) -> 1 | R14: =IF($B$4="סהכ", INDEX(טבלה1[[SPPR_1986]:[SPPR_symbolic_full_import_as_DC]], MATCH('השוואת פקטורים'!$B14, 'PPRs all'!$A$2:$A$108, 0), MATCH('השוואת פקטורים'!R$6, טבלה1[[#Headers],[SPPR_1986]:[SPPR_symbolic_full_import_as_DC]], 0)) / INDEX(טבלה1[[SPPR_1986]:[SPPR_symbolic_full_import_as_DC]], MATCH('השוואת פקטורים'!$B14, 'PPRs all'!$A$2:$A$108, 0), MATCH('השוואת פקטורים'!Q$6, טבלה1[[#Headers],[SPPR_1986]:[SPPR_symbolic_full_import_as_DC]], 0)), INDEX(טבלה2[[SPPR_1986]:[SPPR_symbolic_full_import_as_DC]], MATCH('השוואת פקטורים'!$B14, 'PPRs inner'!$A$2:$A$108, 0), MATCH('השוואת פקטורים'!R$6, טבלה2[[#Headers],[SPPR_1986]:[SPPR_symbolic_full_import_as_DC]], 0)) / INDEX(טבלה2[[SPPR_1986]:[SPPR_symbolic_full_import_as_DC]], MATCH('השוואת פקטורים'!$B14, 'PPRs inner'!$A$2:$A$108, 0), MATCH('השוואת פקטורים'!Q$6, טבלה2[[#Headers],[SPPR_1986]:[SPPR_symbolic_full_import_as_DC]], 0)) ) -> 1 | ... U14: =IF($B$4="סהכ", INDEX(טבלה1[[SPPR_1986]:[SPPR_symbolic_full_import_as_DC]], MATCH('השוואת פקטורים'!$B14, 'PPRs all'!$A$2:$A$108, 0), MATCH('השוואת פקטורים'!U$6, טבלה1[[#Headers],[SPPR_1986]:[SPPR_symbolic_full_import_as_DC]], 0)) / INDEX(טבלה1[[SPPR_1986]:[SPPR_symbolic_full_import_as_DC]], MATCH('השוואת פקטורים'!$B14, 'PPRs all'!$A$2:$A$108, 0), MATCH('השוואת פקטורים'!T$6, טבלה1[[#Headers],[SPPR_1986]:[SPPR_symbolic_full_import_as_DC]], 0)), INDEX(טבלה2[[SPPR_1986]:[SPPR_symbolic_full_import_as_DC]], MATCH('השוואת פקטורים'!$B14, 'PPRs inner'!$A$2:$A$108, 0), MATCH('השוואת פקטורים'!U$6, טבלה2[[#Headers],[SPPR_1986]:[SPPR_symbolic_full_import_as_DC]], 0)) / INDEX(טבלה2[[SPPR_1986]:[SPPR_symbolic_full_import_as_DC]], MATCH('השוואת פקטורים'!$B14, 'PPRs inner'!$A$2:$A$108, 0), MATCH('השוואת פקטורים'!T$6, טבלה2[[#Headers],[SPPR_1986]:[SPPR_symbolic_full_import_as_DC]], 0)) ) -> 1 | Z14: =PRODUCT(K14:Y14) -> 0.40731767
B15: [105] Grand Banks of Newfoundland 1900 | C15: TRUE | D15: TRUE | E15: TRUE | F15: =AND(C15:E15) -> TRUE | G15: =ABS(INDEX(טבלה5[[SPPR_1986]:[SPPR_symbolic_full_import_as_DC]],MATCH('השוואת פקטורים'!$B15,טבלה5[עמודה1],0),MATCH($C$4,טבלה5[[#Headers],[SPPR_1986]:[SPPR_symbolic_full_import_as_DC]],0))) < 5 -> TRUE | H15: =INDEX(טבלה3[[SPPR_1986]:[SPPR_symbolic_full_import_as_DC]],MATCH('השוואת פקטורים'!$B15,טבלה3[עמודה1],0),MATCH($C$4,טבלה3[[#Headers],[SPPR_1986]:[SPPR_symbolic_full_import_as_DC]],0)) -> TRUE | I15: =AND(C15:H15) -> TRUE | K15: =IF($B$4="סהכ", INDEX(טבלה1[[SPPR_1986]:[SPPR_symbolic_full_import_as_DC]], MATCH('השוואת פקטורים'!$B15, 'PPRs all'!$A$2:$A$108, 0), MATCH('השוואת פקטורים'!K$6, טבלה1[[#Headers],[SPPR_1986]:[SPPR_symbolic_full_import_as_DC]], 0)) / INDEX(טבלה1[[SPPR_1986]:[SPPR_symbolic_full_import_as_DC]], MATCH('השוואת פקטורים'!$B15, 'PPRs all'!$A$2:$A$108, 0), MATCH('השוואת פקטורים'!J$6, טבלה1[[#Headers],[SPPR_1986]:[SPPR_symbolic_full_import_as_DC]], 0)), INDEX(טבלה2[[SPPR_1986]:[SPPR_symbolic_full_import_as_DC]], MATCH('השוואת פקטורים'!$B15, 'PPRs inner'!$A$2:$A$108, 0), MATCH('השוואת פקטורים'!K$6, טבלה2[[#Headers],[SPPR_1986]:[SPPR_symbolic_full_import_as_DC]], 0)) / INDEX(טבלה2[[SPPR_1986]:[SPPR_symbolic_full_import_as_DC]], MATCH('השוואת פקטורים'!$B15, 'PPRs inner'!$A$2:$A$108, 0), MATCH('השוואת פקטורים'!J$6, טבלה2[[#Headers],[SPPR_1986]:[SPPR_symbolic_full_import_as_DC]], 0)) ) -> 1.3828194 | L15: =IF($B$4="סהכ", INDEX(טבלה1[[SPPR_1986]:[SPPR_symbolic_full_import_as_DC]], MATCH('השוואת פקטורים'!$B15, 'PPRs all'!$A$2:$A$108, 0), MATCH('השוואת פקטורים'!L$6, טבלה1[[#Headers],[SPPR_1986]:[SPPR_symbolic_full_import_as_DC]], 0)) / INDEX(טבלה1[[SPPR_1986]:[SPPR_symbolic_full_import_as_DC]], MATCH('השוואת פקטורים'!$B15, 'PPRs all'!$A$2:$A$108, 0), MATCH('השוואת פקטורים'!K$6, טבלה1[[#Headers],[SPPR_1986]:[SPPR_symbolic_full_import_as_DC]], 0)), INDEX(טבלה2[[SPPR_1986]:[SPPR_symbolic_full_import_as_DC]], MATCH('השוואת פקטורים'!$B15, 'PPRs inner'!$A$2:$A$108, 0), MATCH('השוואת פקטורים'!L$6, טבלה2[[#Headers],[SPPR_1986]:[SPPR_symbolic_full_import_as_DC]], 0)) / INDEX(טבלה2[[SPPR_1986]:[SPPR_symbolic_full_import_as_DC]], MATCH('השוואת פקטורים'!$B15, 'PPRs inner'!$A$2:$A$108, 0), MATCH('השוואת פקטורים'!K$6, טבלה2[[#Headers],[SPPR_1986]:[SPPR_symbolic_full_import_as_DC]], 0)) ) -> 4.1763398 | M15: =IF($B$4="סהכ", INDEX(טבלה1[[SPPR_1986]:[SPPR_symbolic_full_import_as_DC]], MATCH('השוואת פקטורים'!$B15, 'PPRs all'!$A$2:$A$108, 0), MATCH('השוואת פקטורים'!M$6, טבלה1[[#Headers],[SPPR_1986]:[SPPR_symbolic_full_import_as_DC]], 0)) / INDEX(טבלה1[[SPPR_1986]:[SPPR_symbolic_full_import_as_DC]], MATCH('השוואת פקטורים'!$B15, 'PPRs all'!$A$2:$A$108, 0), MATCH('השוואת פקטורים'!L$6, טבלה1[[#Headers],[SPPR_1986]:[SPPR_symbolic_full_import_as_DC]], 0)), INDEX(טבלה2[[SPPR_1986]:[SPPR_symbolic_full_import_as_DC]], MATCH('השוואת פקטורים'!$B15, 'PPRs inner'!$A$2:$A$108, 0), MATCH('השוואת פקטורים'!M$6, טבלה2[[#Headers],[SPPR_1986]:[SPPR_symbolic_full_import_as_DC]], 0)) / INDEX(טבלה2[[SPPR_1986]:[SPPR_symbolic_full_import_as_DC]], MATCH('השוואת פקטורים'!$B15, 'PPRs inner'!$A$2:$A$108, 0), MATCH('השוואת פקטורים'!L$6, טבלה2[[#Headers],[SPPR_1986]:[SPPR_symbolic_full_import_as_DC]], 0)) ) -> 0.66382339 | N15: =IF($B$4="סהכ", INDEX(טבלה1[[SPPR_1986]:[SPPR_symbolic_full_import_as_DC]], MATCH('השוואת פקטורים'!$B15, 'PPRs all'!$A$2:$A$108, 0), MATCH('השוואת פקטורים'!N$6, טבלה1[[#Headers],[SPPR_1986]:[SPPR_symbolic_full_import_as_DC]], 0)) / INDEX(טבלה1[[SPPR_1986]:[SPPR_symbolic_full_import_as_DC]], MATCH('השוואת פקטורים'!$B15, 'PPRs all'!$A$2:$A$108, 0), MATCH('השוואת פקטורים'!M$6, טבלה1[[#Headers],[SPPR_1986]:[SPPR_symbolic_full_import_as_DC]], 0)), INDEX(טבלה2[[SPPR_1986]:[SPPR_symbolic_full_import_as_DC]], MATCH('השוואת פקטורים'!$B15, 'PPRs inner'!$A$2:$A$108, 0), MATCH('השוואת פקטורים'!N$6, טבלה2[[#Headers],[SPPR_1986]:[SPPR_symbolic_full_import_as_DC]], 0)) / INDEX(טבלה2[[SPPR_1986]:[SPPR_symbolic_full_import_as_DC]], MATCH('השוואת פקטורים'!$B15, 'PPRs inner'!$A$2:$A$108, 0), MATCH('השוואת פקטורים'!M$6, טבלה2[[#Headers],[SPPR_1986]:[SPPR_symbolic_full_import_as_DC]], 0)) ) -> 1.8292184 | O15: =IF($B$4="סהכ", INDEX(טבלה1[[SPPR_1986]:[SPPR_symbolic_full_import_as_DC]], MATCH('השוואת פקטורים'!$B15, 'PPRs all'!$A$2:$A$108, 0), MATCH('השוואת פקטורים'!O$6, טבלה1[[#Headers],[SPPR_1986]:[SPPR_symbolic_full_import_as_DC]], 0)) / INDEX(טבלה1[[SPPR_1986]:[SPPR_symbolic_full_import_as_DC]], MATCH('השוואת פקטורים'!$B15, 'PPRs all'!$A$2:$A$108, 0), MATCH('השוואת פקטורים'!N$6, טבלה1[[#Headers],[SPPR_1986]:[SPPR_symbolic_full_import_as_DC]], 0)), INDEX(טבלה2[[SPPR_1986]:[SPPR_symbolic_full_import_as_DC]], MATCH('השוואת פקטורים'!$B15, 'PPRs inner'!$A$2:$A$108, 0), MATCH('השוואת פקטורים'!O$6, טבלה2[[#Headers],[SPPR_1986]:[SPPR_symbolic_full_import_as_DC]], 0)) / INDEX(טבלה2[[SPPR_1986]:[SPPR_symbolic_full_import_as_DC]], MATCH('השוואת פקטורים'!$B15, 'PPRs inner'!$A$2:$A$108, 0), MATCH('השוואת פקטורים'!N$6, טבלה2[[#Headers],[SPPR_1986]:[SPPR_symbolic_full_import_as_DC]], 0)) ) -> 1 | P15: =IF($B$4="סהכ", INDEX(טבלה1[[SPPR_1986]:[SPPR_symbolic_full_import_as_DC]], MATCH('השוואת פקטורים'!$B15, 'PPRs all'!$A$2:$A$108, 0), MATCH('השוואת פקטורים'!P$6, טבלה1[[#Headers],[SPPR_1986]:[SPPR_symbolic_full_import_as_DC]], 0)) / INDEX(טבלה1[[SPPR_1986]:[SPPR_symbolic_full_import_as_DC]], MATCH('השוואת פקטורים'!$B15, 'PPRs all'!$A$2:$A$108, 0), MATCH('השוואת פקטורים'!O$6, טבלה1[[#Headers],[SPPR_1986]:[SPPR_symbolic_full_import_as_DC]], 0)), INDEX(טבלה2[[SPPR_1986]:[SPPR_symbolic_full_import_as_DC]], MATCH('השוואת פקטורים'!$B15, 'PPRs inner'!$A$2:$A$108, 0), MATCH('השוואת פקטורים'!P$6, טבלה2[[#Headers],[SPPR_1986]:[SPPR_symbolic_full_import_as_DC]], 0)) / INDEX(טבלה2[[SPPR_1986]:[SPPR_symbolic_full_import_as_DC]], MATCH('השוואת פקטורים'!$B15, 'PPRs inner'!$A$2:$A$108, 0), MATCH('השוואת פקטורים'!O$6, טבלה2[[#Headers],[SPPR_1986]:[SPPR_symbolic_full_import_as_DC]], 0)) ) -> 0.61492033 | Q15: =IF($B$4="סהכ", INDEX(טבלה1[[SPPR_1986]:[SPPR_symbolic_full_import_as_DC]], MATCH('השוואת פקטורים'!$B15, 'PPRs all'!$A$2:$A$108, 0), MATCH('השוואת פקטורים'!Q$6, טבלה1[[#Headers],[SPPR_1986]:[SPPR_symbolic_full_import_as_DC]], 0)) / INDEX(טבלה1[[SPPR_1986]:[SPPR_symbolic_full_import_as_DC]], MATCH('השוואת פקטורים'!$B15, 'PPRs all'!$A$2:$A$108, 0), MATCH('השוואת פקטורים'!P$6, טבלה1[[#Headers],[SPPR_1986]:[SPPR_symbolic_full_import_as_DC]], 0)), INDEX(טבלה2[[SPPR_1986]:[SPPR_symbolic_full_import_as_DC]], MATCH('השוואת פקטורים'!$B15, 'PPRs inner'!$A$2:$A$108, 0), MATCH('השוואת פקטורים'!Q$6, טבלה2[[#Headers],[SPPR_1986]:[SPPR_symbolic_full_import_as_DC]], 0)) / INDEX(טבלה2[[SPPR_1986]:[SPPR_symbolic_full_import_as_DC]], MATCH('השוואת פקטורים'!$B15, 'PPRs inner'!$A$2:$A$108, 0), MATCH('השוואת פקטורים'!P$6, טבלה2[[#Headers],[SPPR_1986]:[SPPR_symbolic_full_import_as_DC]], 0)) ) -> 1 | R15: =IF($B$4="סהכ", INDEX(טבלה1[[SPPR_1986]:[SPPR_symbolic_full_import_as_DC]], MATCH('השוואת פקטורים'!$B15, 'PPRs all'!$A$2:$A$108, 0), MATCH('השוואת פקטורים'!R$6, טבלה1[[#Headers],[SPPR_1986]:[SPPR_symbolic_full_import_as_DC]], 0)) / INDEX(טבלה1[[SPPR_1986]:[SPPR_symbolic_full_import_as_DC]], MATCH('השוואת פקטורים'!$B15, 'PPRs all'!$A$2:$A$108, 0), MATCH('השוואת פקטורים'!Q$6, טבלה1[[#Headers],[SPPR_1986]:[SPPR_symbolic_full_import_as_DC]], 0)), INDEX(טבלה2[[SPPR_1986]:[SPPR_symbolic_full_import_as_DC]], MATCH('השוואת פקטורים'!$B15, 'PPRs inner'!$A$2:$A$108, 0), MATCH('השוואת פקטורים'!R$6, טבלה2[[#Headers],[SPPR_1986]:[SPPR_symbolic_full_import_as_DC]], 0)) / INDEX(טבלה2[[SPPR_1986]:[SPPR_symbolic_full_import_as_DC]], MATCH('השוואת פקטורים'!$B15, 'PPRs inner'!$A$2:$A$108, 0), MATCH('השוואת פקטורים'!Q$6, טבלה2[[#Headers],[SPPR_1986]:[SPPR_symbolic_full_import_as_DC]], 0)) ) -> 1 | ... U15: =IF($B$4="סהכ", INDEX(טבלה1[[SPPR_1986]:[SPPR_symbolic_full_import_as_DC]], MATCH('השוואת פקטורים'!$B15, 'PPRs all'!$A$2:$A$108, 0), MATCH('השוואת פקטורים'!U$6, טבלה1[[#Headers],[SPPR_1986]:[SPPR_symbolic_full_import_as_DC]], 0)) / INDEX(טבלה1[[SPPR_1986]:[SPPR_symbolic_full_import_as_DC]], MATCH('השוואת פקטורים'!$B15, 'PPRs all'!$A$2:$A$108, 0), MATCH('השוואת פקטורים'!T$6, טבלה1[[#Headers],[SPPR_1986]:[SPPR_symbolic_full_import_as_DC]], 0)), INDEX(טבלה2[[SPPR_1986]:[SPPR_symbolic_full_import_as_DC]], MATCH('השוואת פקטורים'!$B15, 'PPRs inner'!$A$2:$A$108, 0), MATCH('השוואת פקטורים'!U$6, טבלה2[[#Headers],[SPPR_1986]:[SPPR_symbolic_full_import_as_DC]], 0)) / INDEX(טבלה2[[SPPR_1986]:[SPPR_symbolic_full_import_as_DC]], MATCH('השוואת פקטורים'!$B15, 'PPRs inner'!$A$2:$A$108, 0), MATCH('השוואת פקטורים'!T$6, טבלה2[[#Headers],[SPPR_1986]:[SPPR_symbolic_full_import_as_DC]], 0)) ) -> 1 | Z15: =PRODUCT(K15:Y15) -> 4.3121937
B16: [107] Grand Banks of Newfoundland 1980 | C16: TRUE | D16: FALSE | E16: TRUE | F16: =AND(C16:E16) -> FALSE | G16: =ABS(INDEX(טבלה5[[SPPR_1986]:[SPPR_symbolic_full_import_as_DC]],MATCH('השוואת פקטורים'!$B16,טבלה5[עמודה1],0),MATCH($C$4,טבלה5[[#Headers],[SPPR_1986]:[SPPR_symbolic_full_import_as_DC]],0))) < 5 -> TRUE | H16: =INDEX(טבלה3[[SPPR_1986]:[SPPR_symbolic_full_import_as_DC]],MATCH('השוואת פקטורים'!$B16,טבלה3[עמודה1],0),MATCH($C$4,טבלה3[[#Headers],[SPPR_1986]:[SPPR_symbolic_full_import_as_DC]],0)) -> TRUE | I16: =AND(C16:H16) -> FALSE | K16: =IF($B$4="סהכ", INDEX(טבלה1[[SPPR_1986]:[SPPR_symbolic_full_import_as_DC]], MATCH('השוואת פקטורים'!$B16, 'PPRs all'!$A$2:$A$108, 0), MATCH('השוואת פקטורים'!K$6, טבלה1[[#Headers],[SPPR_1986]:[SPPR_symbolic_full_import_as_DC]], 0)) / INDEX(טבלה1[[SPPR_1986]:[SPPR_symbolic_full_import_as_DC]], MATCH('השוואת פקטורים'!$B16, 'PPRs all'!$A$2:$A$108, 0), MATCH('השוואת פקטורים'!J$6, טבלה1[[#Headers],[SPPR_1986]:[SPPR_symbolic_full_import_as_DC]], 0)), INDEX(טבלה2[[SPPR_1986]:[SPPR_symbolic_full_import_as_DC]], MATCH('השוואת פקטורים'!$B16, 'PPRs inner'!$A$2:$A$108, 0), MATCH('השוואת פקטורים'!K$6, טבלה2[[#Headers],[SPPR_1986]:[SPPR_symbolic_full_import_as_DC]], 0)) / INDEX(טבלה2[[SPPR_1986]:[SPPR_symbolic_full_import_as_DC]], MATCH('השוואת פקטורים'!$B16, 'PPRs inner'!$A$2:$A$108, 0), MATCH('השוואת פקטורים'!J$6, טבלה2[[#Headers],[SPPR_1986]:[SPPR_symbolic_full_import_as_DC]], 0)) ) -> 0.47691492 | L16: =IF($B$4="סהכ", INDEX(טבלה1[[SPPR_1986]:[SPPR_symbolic_full_import_as_DC]], MATCH('השוואת פקטורים'!$B16, 'PPRs all'!$A$2:$A$108, 0), MATCH('השוואת פקטורים'!L$6, טבלה1[[#Headers],[SPPR_1986]:[SPPR_symbolic_full_import_as_DC]], 0)) / INDEX(טבלה1[[SPPR_1986]:[SPPR_symbolic_full_import_as_DC]], MATCH('השוואת פקטורים'!$B16, 'PPRs all'!$A$2:$A$108, 0), MATCH('השוואת פקטורים'!K$6, טבלה1[[#Headers],[SPPR_1986]:[SPPR_symbolic_full_import_as_DC]], 0)), INDEX(טבלה2[[SPPR_1986]:[SPPR_symbolic_full_import_as_DC]], MATCH('השוואת פקטורים'!$B16, 'PPRs inner'!$A$2:$A$108, 0), MATCH('השוואת פקטורים'!L$6, טבלה2[[#Headers],[SPPR_1986]:[SPPR_symbolic_full_import_as_DC]], 0)) / INDEX(טבלה2[[SPPR_1986]:[SPPR_symbolic_full_import_as_DC]], MATCH('השוואת פקטורים'!$B16, 'PPRs inner'!$A$2:$A$108, 0), MATCH('השוואת פקטורים'!K$6, טבלה2[[#Headers],[SPPR_1986]:[SPPR_symbolic_full_import_as_DC]], 0)) ) -> 2.4640631 | M16: =IF($B$4="סהכ", INDEX(טבלה1[[SPPR_1986]:[SPPR_symbolic_full_import_as_DC]], MATCH('השוואת פקטורים'!$B16, 'PPRs all'!$A$2:$A$108, 0), MATCH('השוואת פקטורים'!M$6, טבלה1[[#Headers],[SPPR_1986]:[SPPR_symbolic_full_import_as_DC]], 0)) / INDEX(טבלה1[[SPPR_1986]:[SPPR_symbolic_full_import_as_DC]], MATCH('השוואת פקטורים'!$B16, 'PPRs all'!$A$2:$A$108, 0), MATCH('השוואת פקטורים'!L$6, טבלה1[[#Headers],[SPPR_1986]:[SPPR_symbolic_full_import_as_DC]], 0)), INDEX(טבלה2[[SPPR_1986]:[SPPR_symbolic_full_import_as_DC]], MATCH('השוואת פקטורים'!$B16, 'PPRs inner'!$A$2:$A$108, 0), MATCH('השוואת פקטורים'!M$6, טבלה2[[#Headers],[SPPR_1986]:[SPPR_symbolic_full_import_as_DC]], 0)) / INDEX(טבלה2[[SPPR_1986]:[SPPR_symbolic_full_import_as_DC]], MATCH('השוואת פקטורים'!$B16, 'PPRs inner'!$A$2:$A$108, 0), MATCH('השוואת פקטורים'!L$6, טבלה2[[#Headers],[SPPR_1986]:[SPPR_symbolic_full_import_as_DC]], 0)) ) -> 1.2274218 | N16: =IF($B$4="סהכ", INDEX(טבלה1[[SPPR_1986]:[SPPR_symbolic_full_import_as_DC]], MATCH('השוואת פקטורים'!$B16, 'PPRs all'!$A$2:$A$108, 0), MATCH('השוואת פקטורים'!N$6, טבלה1[[#Headers],[SPPR_1986]:[SPPR_symbolic_full_import_as_DC]], 0)) / INDEX(טבלה1[[SPPR_1986]:[SPPR_symbolic_full_import_as_DC]], MATCH('השוואת פקטורים'!$B16, 'PPRs all'!$A$2:$A$108, 0), MATCH('השוואת פקטורים'!M$6, טבלה1[[#Headers],[SPPR_1986]:[SPPR_symbolic_full_import_as_DC]], 0)), INDEX(טבלה2[[SPPR_1986]:[SPPR_symbolic_full_import_as_DC]], MATCH('השוואת פקטורים'!$B16, 'PPRs inner'!$A$2:$A$108, 0), MATCH('השוואת פקטורים'!N$6, טבלה2[[#Headers],[SPPR_1986]:[SPPR_symbolic_full_import_as_DC]], 0)) / INDEX(טבלה2[[SPPR_1986]:[SPPR_symbolic_full_import_as_DC]], MATCH('השוואת פקטורים'!$B16, 'PPRs inner'!$A$2:$A$108, 0), MATCH('השוואת פקטורים'!M$6, טבלה2[[#Headers],[SPPR_1986]:[SPPR_symbolic_full_import_as_DC]], 0)) ) -> 1.0168573 | O16: =IF($B$4="סהכ", INDEX(טבלה1[[SPPR_1986]:[SPPR_symbolic_full_import_as_DC]], MATCH('השוואת פקטורים'!$B16, 'PPRs all'!$A$2:$A$108, 0), MATCH('השוואת פקטורים'!O$6, טבלה1[[#Headers],[SPPR_1986]:[SPPR_symbolic_full_import_as_DC]], 0)) / INDEX(טבלה1[[SPPR_1986]:[SPPR_symbolic_full_import_as_DC]], MATCH('השוואת פקטורים'!$B16, 'PPRs all'!$A$2:$A$108, 0), MATCH('השוואת פקטורים'!N$6, טבלה1[[#Headers],[SPPR_1986]:[SPPR_symbolic_full_import_as_DC]], 0)), INDEX(טבלה2[[SPPR_1986]:[SPPR_symbolic_full_import_as_DC]], MATCH('השוואת פקטורים'!$B16, 'PPRs inner'!$A$2:$A$108, 0), MATCH('השוואת פקטורים'!O$6, טבלה2[[#Headers],[SPPR_1986]:[SPPR_symbolic_full_import_as_DC]], 0)) / INDEX(טבלה2[[SPPR_1986]:[SPPR_symbolic_full_import_as_DC]], MATCH('השוואת פקטורים'!$B16, 'PPRs inner'!$A$2:$A$108, 0), MATCH('השוואת פקטורים'!N$6, טבלה2[[#Headers],[SPPR_1986]:[SPPR_symbolic_full_import_as_DC]], 0)) ) -> 1 | P16: =IF($B$4="סהכ", INDEX(טבלה1[[SPPR_1986]:[SPPR_symbolic_full_import_as_DC]], MATCH('השוואת פקטורים'!$B16, 'PPRs all'!$A$2:$A$108, 0), MATCH('השוואת פקטורים'!P$6, טבלה1[[#Headers],[SPPR_1986]:[SPPR_symbolic_full_import_as_DC]], 0)) / INDEX(טבלה1[[SPPR_1986]:[SPPR_symbolic_full_import_as_DC]], MATCH('השוואת פקטורים'!$B16, 'PPRs all'!$A$2:$A$108, 0), MATCH('השוואת פקטורים'!O$6, טבלה1[[#Headers],[SPPR_1986]:[SPPR_symbolic_full_import_as_DC]], 0)), INDEX(טבלה2[[SPPR_1986]:[SPPR_symbolic_full_import_as_DC]], MATCH('השוואת פקטורים'!$B16, 'PPRs inner'!$A$2:$A$108, 0), MATCH('השוואת פקטורים'!P$6, טבלה2[[#Headers],[SPPR_1986]:[SPPR_symbolic_full_import_as_DC]], 0)) / INDEX(טבלה2[[SPPR_1986]:[SPPR_symbolic_full_import_as_DC]], MATCH('השוואת פקטורים'!$B16, 'PPRs inner'!$A$2:$A$108, 0), MATCH('השוואת פקטורים'!O$6, טבלה2[[#Headers],[SPPR_1986]:[SPPR_symbolic_full_import_as_DC]], 0)) ) -> 0.30267785 | Q16: =IF($B$4="סהכ", INDEX(טבלה1[[SPPR_1986]:[SPPR_symbolic_full_import_as_DC]], MATCH('השוואת פקטורים'!$B16, 'PPRs all'!$A$2:$A$108, 0), MATCH('השוואת פקטורים'!Q$6, טבלה1[[#Headers],[SPPR_1986]:[SPPR_symbolic_full_import_as_DC]], 0)) / INDEX(טבלה1[[SPPR_1986]:[SPPR_symbolic_full_import_as_DC]], MATCH('השוואת פקטורים'!$B16, 'PPRs all'!$A$2:$A$108, 0), MATCH('השוואת פקטורים'!P$6, טבלה1[[#Headers],[SPPR_1986]:[SPPR_symbolic_full_import_as_DC]], 0)), INDEX(טבלה2[[SPPR_1986]:[SPPR_symbolic_full_import_as_DC]], MATCH('השוואת פקטורים'!$B16, 'PPRs inner'!$A$2:$A$108, 0), MATCH('השוואת פקטורים'!Q$6, טבלה2[[#Headers],[SPPR_1986]:[SPPR_symbolic_full_import_as_DC]], 0)) / INDEX(טבלה2[[SPPR_1986]:[SPPR_symbolic_full_import_as_DC]], MATCH('השוואת פקטורים'!$B16, 'PPRs inner'!$A$2:$A$108, 0), MATCH('השוואת פקטורים'!P$6, טבלה2[[#Headers],[SPPR_1986]:[SPPR_symbolic_full_import_as_DC]], 0)) ) -> 1 | R16: =IF($B$4="סהכ", INDEX(טבלה1[[SPPR_1986]:[SPPR_symbolic_full_import_as_DC]], MATCH('השוואת פקטורים'!$B16, 'PPRs all'!$A$2:$A$108, 0), MATCH('השוואת פקטורים'!R$6, טבלה1[[#Headers],[SPPR_1986]:[SPPR_symbolic_full_import_as_DC]], 0)) / INDEX(טבלה1[[SPPR_1986]:[SPPR_symbolic_full_import_as_DC]], MATCH('השוואת פקטורים'!$B16, 'PPRs all'!$A$2:$A$108, 0), MATCH('השוואת פקטורים'!Q$6, טבלה1[[#Headers],[SPPR_1986]:[SPPR_symbolic_full_import_as_DC]], 0)), INDEX(טבלה2[[SPPR_1986]:[SPPR_symbolic_full_import_as_DC]], MATCH('השוואת פקטורים'!$B16, 'PPRs inner'!$A$2:$A$108, 0), MATCH('השוואת פקטורים'!R$6, טבלה2[[#Headers],[SPPR_1986]:[SPPR_symbolic_full_import_as_DC]], 0)) / INDEX(טבלה2[[SPPR_1986]:[SPPR_symbolic_full_import_as_DC]], MATCH('השוואת פקטורים'!$B16, 'PPRs inner'!$A$2:$A$108, 0), MATCH('השוואת פקטורים'!Q$6, טבלה2[[#Headers],[SPPR_1986]:[SPPR_symbolic_full_import_as_DC]], 0)) ) -> 1 | ... U16: =IF($B$4="סהכ", INDEX(טבלה1[[SPPR_1986]:[SPPR_symbolic_full_import_as_DC]], MATCH('השוואת פקטורים'!$B16, 'PPRs all'!$A$2:$A$108, 0), MATCH('השוואת פקטורים'!U$6, טבלה1[[#Headers],[SPPR_1986]:[SPPR_symbolic_full_import_as_DC]], 0)) / INDEX(טבלה1[[SPPR_1986]:[SPPR_symbolic_full_import_as_DC]], MATCH('השוואת פקטורים'!$B16, 'PPRs all'!$A$2:$A$108, 0), MATCH('השוואת פקטורים'!T$6, טבלה1[[#Headers],[SPPR_1986]:[SPPR_symbolic_full_import_as_DC]], 0)), INDEX(טבלה2[[SPPR_1986]:[SPPR_symbolic_full_import_as_DC]], MATCH('השוואת פקטורים'!$B16, 'PPRs inner'!$A$2:$A$108, 0), MATCH('השוואת פקטורים'!U$6, טבלה2[[#Headers],[SPPR_1986]:[SPPR_symbolic_full_import_as_DC]], 0)) / INDEX(טבלה2[[SPPR_1986]:[SPPR_symbolic_full_import_as_DC]], MATCH('השוואת פקטורים'!$B16, 'PPRs inner'!$A$2:$A$108, 0), MATCH('השוואת פקטורים'!T$6, טבלה2[[#Headers],[SPPR_1986]:[SPPR_symbolic_full_import_as_DC]], 0)) ) -> 1 | Z16: =PRODUCT(K16:Y16) -> 0.44394301
B17: [108] Grand Banks of Newfoundland 1990 | C17: TRUE | D17: TRUE | E17: TRUE | F17: =AND(C17:E17) -> TRUE | G17: =ABS(INDEX(טבלה5[[SPPR_1986]:[SPPR_symbolic_full_import_as_DC]],MATCH('השוואת פקטורים'!$B17,טבלה5[עמודה1],0),MATCH($C$4,טבלה5[[#Headers],[SPPR_1986]:[SPPR_symbolic_full_import_as_DC]],0))) < 5 -> TRUE | H17: =INDEX(טבלה3[[SPPR_1986]:[SPPR_symbolic_full_import_as_DC]],MATCH('השוואת פקטורים'!$B17,טבלה3[עמודה1],0),MATCH($C$4,טבלה3[[#Headers],[SPPR_1986]:[SPPR_symbolic_full_import_as_DC]],0)) -> TRUE | I17: =AND(C17:H17) -> TRUE | K17: =IF($B$4="סהכ", INDEX(טבלה1[[SPPR_1986]:[SPPR_symbolic_full_import_as_DC]], MATCH('השוואת פקטורים'!$B17, 'PPRs all'!$A$2:$A$108, 0), MATCH('השוואת פקטורים'!K$6, טבלה1[[#Headers],[SPPR_1986]:[SPPR_symbolic_full_import_as_DC]], 0)) / INDEX(טבלה1[[SPPR_1986]:[SPPR_symbolic_full_import_as_DC]], MATCH('השוואת פקטורים'!$B17, 'PPRs all'!$A$2:$A$108, 0), MATCH('השוואת פקטורים'!J$6, טבלה1[[#Headers],[SPPR_1986]:[SPPR_symbolic_full_import_as_DC]], 0)), INDEX(טבלה2[[SPPR_1986]:[SPPR_symbolic_full_import_as_DC]], MATCH('השוואת פקטורים'!$B17, 'PPRs inner'!$A$2:$A$108, 0), MATCH('השוואת פקטורים'!K$6, טבלה2[[#Headers],[SPPR_1986]:[SPPR_symbolic_full_import_as_DC]], 0)) / INDEX(טבלה2[[SPPR_1986]:[SPPR_symbolic_full_import_as_DC]], MATCH('השוואת פקטורים'!$B17, 'PPRs inner'!$A$2:$A$108, 0), MATCH('השוואת פקטורים'!J$6, טבלה2[[#Headers],[SPPR_1986]:[SPPR_symbolic_full_import_as_DC]], 0)) ) -> 0.37111752 | L17: =IF($B$4="סהכ", INDEX(טבלה1[[SPPR_1986]:[SPPR_symbolic_full_import_as_DC]], MATCH('השוואת פקטורים'!$B17, 'PPRs all'!$A$2:$A$108, 0), MATCH('השוואת פקטורים'!L$6, טבלה1[[#Headers],[SPPR_1986]:[SPPR_symbolic_full_import_as_DC]], 0)) / INDEX(טבלה1[[SPPR_1986]:[SPPR_symbolic_full_import_as_DC]], MATCH('השוואת פקטורים'!$B17, 'PPRs all'!$A$2:$A$108, 0), MATCH('השוואת פקטורים'!K$6, טבלה1[[#Headers],[SPPR_1986]:[SPPR_symbolic_full_import_as_DC]], 0)), INDEX(טבלה2[[SPPR_1986]:[SPPR_symbolic_full_import_as_DC]], MATCH('השוואת פקטורים'!$B17, 'PPRs inner'!$A$2:$A$108, 0), MATCH('השוואת פקטורים'!L$6, טבלה2[[#Headers],[SPPR_1986]:[SPPR_symbolic_full_import_as_DC]], 0)) / INDEX(טבלה2[[SPPR_1986]:[SPPR_symbolic_full_import_as_DC]], MATCH('השוואת פקטורים'!$B17, 'PPRs inner'!$A$2:$A$108, 0), MATCH('השוואת פקטורים'!K$6, טבלה2[[#Headers],[SPPR_1986]:[SPPR_symbolic_full_import_as_DC]], 0)) ) -> 2.8295927 | M17: =IF($B$4="סהכ", INDEX(טבלה1[[SPPR_1986]:[SPPR_symbolic_full_import_as_DC]], MATCH('השוואת פקטורים'!$B17, 'PPRs all'!$A$2:$A$108, 0), MATCH('השוואת פקטורים'!M$6, טבלה1[[#Headers],[SPPR_1986]:[SPPR_symbolic_full_import_as_DC]], 0)) / INDEX(טבלה1[[SPPR_1986]:[SPPR_symbolic_full_import_as_DC]], MATCH('השוואת פקטורים'!$B17, 'PPRs all'!$A$2:$A$108, 0), MATCH('השוואת פקטורים'!L$6, טבלה1[[#Headers],[SPPR_1986]:[SPPR_symbolic_full_import_as_DC]], 0)), INDEX(טבלה2[[SPPR_1986]:[SPPR_symbolic_full_import_as_DC]], MATCH('השוואת פקטורים'!$B17, 'PPRs inner'!$A$2:$A$108, 0), MATCH('השוואת פקטורים'!M$6, טבלה2[[#Headers],[SPPR_1986]:[SPPR_symbolic_full_import_as_DC]], 0)) / INDEX(טבלה2[[SPPR_1986]:[SPPR_symbolic_full_import_as_DC]], MATCH('השוואת פקטורים'!$B17, 'PPRs inner'!$A$2:$A$108, 0), MATCH('השוואת פקטורים'!L$6, טבלה2[[#Headers],[SPPR_1986]:[SPPR_symbolic_full_import_as_DC]], 0)) ) -> 12.763063 | N17: =IF($B$4="סהכ", INDEX(טבלה1[[SPPR_1986]:[SPPR_symbolic_full_import_as_DC]], MATCH('השוואת פקטורים'!$B17, 'PPRs all'!$A$2:$A$108, 0), MATCH('השוואת פקטורים'!N$6, טבלה1[[#Headers],[SPPR_1986]:[SPPR_symbolic_full_import_as_DC]], 0)) / INDEX(טבלה1[[SPPR_1986]:[SPPR_symbolic_full_import_as_DC]], MATCH('השוואת פקטורים'!$B17, 'PPRs all'!$A$2:$A$108, 0), MATCH('השוואת פקטורים'!M$6, טבלה1[[#Headers],[SPPR_1986]:[SPPR_symbolic_full_import_as_DC]], 0)), INDEX(טבלה2[[SPPR_1986]:[SPPR_symbolic_full_import_as_DC]], MATCH('השוואת פקטורים'!$B17, 'PPRs inner'!$A$2:$A$108, 0), MATCH('השוואת פקטורים'!N$6, טבלה2[[#Headers],[SPPR_1986]:[SPPR_symbolic_full_import_as_DC]], 0)) / INDEX(טבלה2[[SPPR_1986]:[SPPR_symbolic_full_import_as_DC]], MATCH('השוואת פקטורים'!$B17, 'PPRs inner'!$A$2:$A$108, 0), MATCH('השוואת פקטורים'!M$6, טבלה2[[#Headers],[SPPR_1986]:[SPPR_symbolic_full_import_as_DC]], 0)) ) -> 0.86278711 | O17: =IF($B$4="סהכ", INDEX(טבלה1[[SPPR_1986]:[SPPR_symbolic_full_import_as_DC]], MATCH('השוואת פקטורים'!$B17, 'PPRs all'!$A$2:$A$108, 0), MATCH('השוואת פקטורים'!O$6, טבלה1[[#Headers],[SPPR_1986]:[SPPR_symbolic_full_import_as_DC]], 0)) / INDEX(טבלה1[[SPPR_1986]:[SPPR_symbolic_full_import_as_DC]], MATCH('השוואת פקטורים'!$B17, 'PPRs all'!$A$2:$A$108, 0), MATCH('השוואת פקטורים'!N$6, טבלה1[[#Headers],[SPPR_1986]:[SPPR_symbolic_full_import_as_DC]], 0)), INDEX(טבלה2[[SPPR_1986]:[SPPR_symbolic_full_import_as_DC]], MATCH('השוואת פקטורים'!$B17, 'PPRs inner'!$A$2:$A$108, 0), MATCH('השוואת פקטורים'!O$6, טבלה2[[#Headers],[SPPR_1986]:[SPPR_symbolic_full_import_as_DC]], 0)) / INDEX(טבלה2[[SPPR_1986]:[SPPR_symbolic_full_import_as_DC]], MATCH('השוואת פקטורים'!$B17, 'PPRs inner'!$A$2:$A$108, 0), MATCH('השוואת פקטורים'!N$6, טבלה2[[#Headers],[SPPR_1986]:[SPPR_symbolic_full_import_as_DC]], 0)) ) -> 1 | P17: =IF($B$4="סהכ", INDEX(טבלה1[[SPPR_1986]:[SPPR_symbolic_full_import_as_DC]], MATCH('השוואת פקטורים'!$B17, 'PPRs all'!$A$2:$A$108, 0), MATCH('השוואת פקטורים'!P$6, טבלה1[[#Headers],[SPPR_1986]:[SPPR_symbolic_full_import_as_DC]], 0)) / INDEX(טבלה1[[SPPR_1986]:[SPPR_symbolic_full_import_as_DC]], MATCH('השוואת פקטורים'!$B17, 'PPRs all'!$A$2:$A$108, 0), MATCH('השוואת פקטורים'!O$6, טבלה1[[#Headers],[SPPR_1986]:[SPPR_symbolic_full_import_as_DC]], 0)), INDEX(טבלה2[[SPPR_1986]:[SPPR_symbolic_full_import_as_DC]], MATCH('השוואת פקטורים'!$B17, 'PPRs inner'!$A$2:$A$108, 0), MATCH('השוואת פקטורים'!P$6, טבלה2[[#Headers],[SPPR_1986]:[SPPR_symbolic_full_import_as_DC]], 0)) / INDEX(טבלה2[[SPPR_1986]:[SPPR_symbolic_full_import_as_DC]], MATCH('השוואת פקטורים'!$B17, 'PPRs inner'!$A$2:$A$108, 0), MATCH('השוואת פקטורים'!O$6, טבלה2[[#Headers],[SPPR_1986]:[SPPR_symbolic_full_import_as_DC]], 0)) ) -> 0.2352292 | Q17: =IF($B$4="סהכ", INDEX(טבלה1[[SPPR_1986]:[SPPR_symbolic_full_import_as_DC]], MATCH('השוואת פקטורים'!$B17, 'PPRs all'!$A$2:$A$108, 0), MATCH('השוואת פקטורים'!Q$6, טבלה1[[#Headers],[SPPR_1986]:[SPPR_symbolic_full_import_as_DC]], 0)) / INDEX(טבלה1[[SPPR_1986]:[SPPR_symbolic_full_import_as_DC]], MATCH('השוואת פקטורים'!$B17, 'PPRs all'!$A$2:$A$108, 0), MATCH('השוואת פקטורים'!P$6, טבלה1[[#Headers],[SPPR_1986]:[SPPR_symbolic_full_import_as_DC]], 0)), INDEX(טבלה2[[SPPR_1986]:[SPPR_symbolic_full_import_as_DC]], MATCH('השוואת פקטורים'!$B17, 'PPRs inner'!$A$2:$A$108, 0), MATCH('השוואת פקטורים'!Q$6, טבלה2[[#Headers],[SPPR_1986]:[SPPR_symbolic_full_import_as_DC]], 0)) / INDEX(טבלה2[[SPPR_1986]:[SPPR_symbolic_full_import_as_DC]], MATCH('השוואת פקטורים'!$B17, 'PPRs inner'!$A$2:$A$108, 0), MATCH('השוואת פקטורים'!P$6, טבלה2[[#Headers],[SPPR_1986]:[SPPR_symbolic_full_import_as_DC]], 0)) ) -> 1 | R17: =IF($B$4="סהכ", INDEX(טבלה1[[SPPR_1986]:[SPPR_symbolic_full_import_as_DC]], MATCH('השוואת פקטורים'!$B17, 'PPRs all'!$A$2:$A$108, 0), MATCH('השוואת פקטורים'!R$6, טבלה1[[#Headers],[SPPR_1986]:[SPPR_symbolic_full_import_as_DC]], 0)) / INDEX(טבלה1[[SPPR_1986]:[SPPR_symbolic_full_import_as_DC]], MATCH('השוואת פקטורים'!$B17, 'PPRs all'!$A$2:$A$108, 0), MATCH('השוואת פקטורים'!Q$6, טבלה1[[#Headers],[SPPR_1986]:[SPPR_symbolic_full_import_as_DC]], 0)), INDEX(טבלה2[[SPPR_1986]:[SPPR_symbolic_full_import_as_DC]], MATCH('השוואת פקטורים'!$B17, 'PPRs inner'!$A$2:$A$108, 0), MATCH('השוואת פקטורים'!R$6, טבלה2[[#Headers],[SPPR_1986]:[SPPR_symbolic_full_import_as_DC]], 0)) / INDEX(טבלה2[[SPPR_1986]:[SPPR_symbolic_full_import_as_DC]], MATCH('השוואת פקטורים'!$B17, 'PPRs inner'!$A$2:$A$108, 0), MATCH('השוואת פקטורים'!Q$6, טבלה2[[#Headers],[SPPR_1986]:[SPPR_symbolic_full_import_as_DC]], 0)) ) -> 1 | ... U17: =IF($B$4="סהכ", INDEX(טבלה1[[SPPR_1986]:[SPPR_symbolic_full_import_as_DC]], MATCH('השוואת פקטורים'!$B17, 'PPRs all'!$A$2:$A$108, 0), MATCH('השוואת פקטורים'!U$6, טבלה1[[#Headers],[SPPR_1986]:[SPPR_symbolic_full_import_as_DC]], 0)) / INDEX(טבלה1[[SPPR_1986]:[SPPR_symbolic_full_import_as_DC]], MATCH('השוואת פקטורים'!$B17, 'PPRs all'!$A$2:$A$108, 0), MATCH('השוואת פקטורים'!T$6, טבלה1[[#Headers],[SPPR_1986]:[SPPR_symbolic_full_import_as_DC]], 0)), INDEX(טבלה2[[SPPR_1986]:[SPPR_symbolic_full_import_as_DC]], MATCH('השוואת פקטורים'!$B17, 'PPRs inner'!$A$2:$A$108, 0), MATCH('השוואת פקטורים'!U$6, טבלה2[[#Headers],[SPPR_1986]:[SPPR_symbolic_full_import_as_DC]], 0)) / INDEX(טבלה2[[SPPR_1986]:[SPPR_symbolic_full_import_as_DC]], MATCH('השוואת פקטורים'!$B17, 'PPRs inner'!$A$2:$A$108, 0), MATCH('השוואת פקטורים'!T$6, טבלה2[[#Headers],[SPPR_1986]:[SPPR_symbolic_full_import_as_DC]], 0)) ) -> 1 | Z17: =PRODUCT(K17:Y17) -> 2.720102
B18: [111] North Atlantic 1950 | C18: TRUE | D18: TRUE | E18: TRUE | F18: =AND(C18:E18) -> TRUE | G18: =ABS(INDEX(טבלה5[[SPPR_1986]:[SPPR_symbolic_full_import_as_DC]],MATCH('השוואת פקטורים'!$B18,טבלה5[עמודה1],0),MATCH($C$4,טבלה5[[#Headers],[SPPR_1986]:[SPPR_symbolic_full_import_as_DC]],0))) < 5 -> TRUE | H18: =INDEX(טבלה3[[SPPR_1986]:[SPPR_symbolic_full_import_as_DC]],MATCH('השוואת פקטורים'!$B18,טבלה3[עמודה1],0),MATCH($C$4,טבלה3[[#Headers],[SPPR_1986]:[SPPR_symbolic_full_import_as_DC]],0)) -> TRUE | I18: =AND(C18:H18) -> TRUE | K18: =IF($B$4="סהכ", INDEX(טבלה1[[SPPR_1986]:[SPPR_symbolic_full_import_as_DC]], MATCH('השוואת פקטורים'!$B18, 'PPRs all'!$A$2:$A$108, 0), MATCH('השוואת פקטורים'!K$6, טבלה1[[#Headers],[SPPR_1986]:[SPPR_symbolic_full_import_as_DC]], 0)) / INDEX(טבלה1[[SPPR_1986]:[SPPR_symbolic_full_import_as_DC]], MATCH('השוואת פקטורים'!$B18, 'PPRs all'!$A$2:$A$108, 0), MATCH('השוואת פקטורים'!J$6, טבלה1[[#Headers],[SPPR_1986]:[SPPR_symbolic_full_import_as_DC]], 0)), INDEX(טבלה2[[SPPR_1986]:[SPPR_symbolic_full_import_as_DC]], MATCH('השוואת פקטורים'!$B18, 'PPRs inner'!$A$2:$A$108, 0), MATCH('השוואת פקטורים'!K$6, טבלה2[[#Headers],[SPPR_1986]:[SPPR_symbolic_full_import_as_DC]], 0)) / INDEX(טבלה2[[SPPR_1986]:[SPPR_symbolic_full_import_as_DC]], MATCH('השוואת פקטורים'!$B18, 'PPRs inner'!$A$2:$A$108, 0), MATCH('השוואת פקטורים'!J$6, טבלה2[[#Headers],[SPPR_1986]:[SPPR_symbolic_full_import_as_DC]], 0)) ) -> 0.25988425 | L18: =IF($B$4="סהכ", INDEX(טבלה1[[SPPR_1986]:[SPPR_symbolic_full_import_as_DC]], MATCH('השוואת פקטורים'!$B18, 'PPRs all'!$A$2:$A$108, 0), MATCH('השוואת פקטורים'!L$6, טבלה1[[#Headers],[SPPR_1986]:[SPPR_symbolic_full_import_as_DC]], 0)) / INDEX(טבלה1[[SPPR_1986]:[SPPR_symbolic_full_import_as_DC]], MATCH('השוואת פקטורים'!$B18, 'PPRs all'!$A$2:$A$108, 0), MATCH('השוואת פקטורים'!K$6, טבלה1[[#Headers],[SPPR_1986]:[SPPR_symbolic_full_import_as_DC]], 0)), INDEX(טבלה2[[SPPR_1986]:[SPPR_symbolic_full_import_as_DC]], MATCH('השוואת פקטורים'!$B18, 'PPRs inner'!$A$2:$A$108, 0), MATCH('השוואת פקטורים'!L$6, טבלה2[[#Headers],[SPPR_1986]:[SPPR_symbolic_full_import_as_DC]], 0)) / INDEX(טבלה2[[SPPR_1986]:[SPPR_symbolic_full_import_as_DC]], MATCH('השוואת פקטורים'!$B18, 'PPRs inner'!$A$2:$A$108, 0), MATCH('השוואת פקטורים'!K$6, טבלה2[[#Headers],[SPPR_1986]:[SPPR_symbolic_full_import_as_DC]], 0)) ) -> 2.8355115 | M18: =IF($B$4="סהכ", INDEX(טבלה1[[SPPR_1986]:[SPPR_symbolic_full_import_as_DC]], MATCH('השוואת פקטורים'!$B18, 'PPRs all'!$A$2:$A$108, 0), MATCH('השוואת פקטורים'!M$6, טבלה1[[#Headers],[SPPR_1986]:[SPPR_symbolic_full_import_as_DC]], 0)) / INDEX(טבלה1[[SPPR_1986]:[SPPR_symbolic_full_import_as_DC]], MATCH('השוואת פקטורים'!$B18, 'PPRs all'!$A$2:$A$108, 0), MATCH('השוואת פקטורים'!L$6, טבלה1[[#Headers],[SPPR_1986]:[SPPR_symbolic_full_import_as_DC]], 0)), INDEX(טבלה2[[SPPR_1986]:[SPPR_symbolic_full_import_as_DC]], MATCH('השוואת פקטורים'!$B18, 'PPRs inner'!$A$2:$A$108, 0), MATCH('השוואת פקטורים'!M$6, טבלה2[[#Headers],[SPPR_1986]:[SPPR_symbolic_full_import_as_DC]], 0)) / INDEX(טבלה2[[SPPR_1986]:[SPPR_symbolic_full_import_as_DC]], MATCH('השוואת פקטורים'!$B18, 'PPRs inner'!$A$2:$A$108, 0), MATCH('השוואת פקטורים'!L$6, טבלה2[[#Headers],[SPPR_1986]:[SPPR_symbolic_full_import_as_DC]], 0)) ) -> 95.666116 | N18: =IF($B$4="סהכ", INDEX(טבלה1[[SPPR_1986]:[SPPR_symbolic_full_import_as_DC]], MATCH('השוואת פקטורים'!$B18, 'PPRs all'!$A$2:$A$108, 0), MATCH('השוואת פקטורים'!N$6, טבלה1[[#Headers],[SPPR_1986]:[SPPR_symbolic_full_import_as_DC]], 0)) / INDEX(טבלה1[[SPPR_1986]:[SPPR_symbolic_full_import_as_DC]], MATCH('השוואת פקטורים'!$B18, 'PPRs all'!$A$2:$A$108, 0), MATCH('השוואת פקטורים'!M$6, טבלה1[[#Headers],[SPPR_1986]:[SPPR_symbolic_full_import_as_DC]], 0)), INDEX(טבלה2[[SPPR_1986]:[SPPR_symbolic_full_import_as_DC]], MATCH('השוואת פקטורים'!$B18, 'PPRs inner'!$A$2:$A$108, 0), MATCH('השוואת פקטורים'!N$6, טבלה2[[#Headers],[SPPR_1986]:[SPPR_symbolic_full_import_as_DC]], 0)) / INDEX(טבלה2[[SPPR_1986]:[SPPR_symbolic_full_import_as_DC]], MATCH('השוואת פקטורים'!$B18, 'PPRs inner'!$A$2:$A$108, 0), MATCH('השוואת פקטורים'!M$6, טבלה2[[#Headers],[SPPR_1986]:[SPPR_symbolic_full_import_as_DC]], 0)) ) -> 3.3060285 | O18: =IF($B$4="סהכ", INDEX(טבלה1[[SPPR_1986]:[SPPR_symbolic_full_import_as_DC]], MATCH('השוואת פקטורים'!$B18, 'PPRs all'!$A$2:$A$108, 0), MATCH('השוואת פקטורים'!O$6, טבלה1[[#Headers],[SPPR_1986]:[SPPR_symbolic_full_import_as_DC]], 0)) / INDEX(טבלה1[[SPPR_1986]:[SPPR_symbolic_full_import_as_DC]], MATCH('השוואת פקטורים'!$B18, 'PPRs all'!$A$2:$A$108, 0), MATCH('השוואת פקטורים'!N$6, טבלה1[[#Headers],[SPPR_1986]:[SPPR_symbolic_full_import_as_DC]], 0)), INDEX(טבלה2[[SPPR_1986]:[SPPR_symbolic_full_import_as_DC]], MATCH('השוואת פקטורים'!$B18, 'PPRs inner'!$A$2:$A$108, 0), MATCH('השוואת פקטורים'!O$6, טבלה2[[#Headers],[SPPR_1986]:[SPPR_symbolic_full_import_as_DC]], 0)) / INDEX(טבלה2[[SPPR_1986]:[SPPR_symbolic_full_import_as_DC]], MATCH('השוואת פקטורים'!$B18, 'PPRs inner'!$A$2:$A$108, 0), MATCH('השוואת פקטורים'!N$6, טבלה2[[#Headers],[SPPR_1986]:[SPPR_symbolic_full_import_as_DC]], 0)) ) -> 1 | P18: =IF($B$4="סהכ", INDEX(טבלה1[[SPPR_1986]:[SPPR_symbolic_full_import_as_DC]], MATCH('השוואת פקטורים'!$B18, 'PPRs all'!$A$2:$A$108, 0), MATCH('השוואת פקטורים'!P$6, טבלה1[[#Headers],[SPPR_1986]:[SPPR_symbolic_full_import_as_DC]], 0)) / INDEX(טבלה1[[SPPR_1986]:[SPPR_symbolic_full_import_as_DC]], MATCH('השוואת פקטורים'!$B18, 'PPRs all'!$A$2:$A$108, 0), MATCH('השוואת פקטורים'!O$6, טבלה1[[#Headers],[SPPR_1986]:[SPPR_symbolic_full_import_as_DC]], 0)), INDEX(טבלה2[[SPPR_1986]:[SPPR_symbolic_full_import_as_DC]], MATCH('השוואת פקטורים'!$B18, 'PPRs inner'!$A$2:$A$108, 0), MATCH('השוואת פקטורים'!P$6, טבלה2[[#Headers],[SPPR_1986]:[SPPR_symbolic_full_import_as_DC]], 0)) / INDEX(טבלה2[[SPPR_1986]:[SPPR_symbolic_full_import_as_DC]], MATCH('השוואת פקטורים'!$B18, 'PPRs inner'!$A$2:$A$108, 0), MATCH('השוואת פקטורים'!O$6, טבלה2[[#Headers],[SPPR_1986]:[SPPR_symbolic_full_import_as_DC]], 0)) ) -> 0.099508638 | Q18: =IF($B$4="סהכ", INDEX(טבלה1[[SPPR_1986]:[SPPR_symbolic_full_import_as_DC]], MATCH('השוואת פקטורים'!$B18, 'PPRs all'!$A$2:$A$108, 0), MATCH('השוואת פקטורים'!Q$6, טבלה1[[#Headers],[SPPR_1986]:[SPPR_symbolic_full_import_as_DC]], 0)) / INDEX(טבלה1[[SPPR_1986]:[SPPR_symbolic_full_import_as_DC]], MATCH('השוואת פקטורים'!$B18, 'PPRs all'!$A$2:$A$108, 0), MATCH('השוואת פקטורים'!P$6, טבלה1[[#Headers],[SPPR_1986]:[SPPR_symbolic_full_import_as_DC]], 0)), INDEX(טבלה2[[SPPR_1986]:[SPPR_symbolic_full_import_as_DC]], MATCH('השוואת פקטורים'!$B18, 'PPRs inner'!$A$2:$A$108, 0), MATCH('השוואת פקטורים'!Q$6, טבלה2[[#Headers],[SPPR_1986]:[SPPR_symbolic_full_import_as_DC]], 0)) / INDEX(טבלה2[[SPPR_1986]:[SPPR_symbolic_full_import_as_DC]], MATCH('השוואת פקטורים'!$B18, 'PPRs inner'!$A$2:$A$108, 0), MATCH('השוואת פקטורים'!P$6, טבלה2[[#Headers],[SPPR_1986]:[SPPR_symbolic_full_import_as_DC]], 0)) ) -> 1 | R18: =IF($B$4="סהכ", INDEX(טבלה1[[SPPR_1986]:[SPPR_symbolic_full_import_as_DC]], MATCH('השוואת פקטורים'!$B18, 'PPRs all'!$A$2:$A$108, 0), MATCH('השוואת פקטורים'!R$6, טבלה1[[#Headers],[SPPR_1986]:[SPPR_symbolic_full_import_as_DC]], 0)) / INDEX(טבלה1[[SPPR_1986]:[SPPR_symbolic_full_import_as_DC]], MATCH('השוואת פקטורים'!$B18, 'PPRs all'!$A$2:$A$108, 0), MATCH('השוואת פקטורים'!Q$6, טבלה1[[#Headers],[SPPR_1986]:[SPPR_symbolic_full_import_as_DC]], 0)), INDEX(טבלה2[[SPPR_1986]:[SPPR_symbolic_full_import_as_DC]], MATCH('השוואת פקטורים'!$B18, 'PPRs inner'!$A$2:$A$108, 0), MATCH('השוואת פקטורים'!R$6, טבלה2[[#Headers],[SPPR_1986]:[SPPR_symbolic_full_import_as_DC]], 0)) / INDEX(טבלה2[[SPPR_1986]:[SPPR_symbolic_full_import_as_DC]], MATCH('השוואת פקטורים'!$B18, 'PPRs inner'!$A$2:$A$108, 0), MATCH('השוואת פקטורים'!Q$6, טבלה2[[#Headers],[SPPR_1986]:[SPPR_symbolic_full_import_as_DC]], 0)) ) -> 1 | ... U18: =IF($B$4="סהכ", INDEX(טבלה1[[SPPR_1986]:[SPPR_symbolic_full_import_as_DC]], MATCH('השוואת פקטורים'!$B18, 'PPRs all'!$A$2:$A$108, 0), MATCH('השוואת פקטורים'!U$6, טבלה1[[#Headers],[SPPR_1986]:[SPPR_symbolic_full_import_as_DC]], 0)) / INDEX(טבלה1[[SPPR_1986]:[SPPR_symbolic_full_import_as_DC]], MATCH('השוואת פקטורים'!$B18, 'PPRs all'!$A$2:$A$108, 0), MATCH('השוואת פקטורים'!T$6, טבלה1[[#Headers],[SPPR_1986]:[SPPR_symbolic_full_import_as_DC]], 0)), INDEX(טבלה2[[SPPR_1986]:[SPPR_symbolic_full_import_as_DC]], MATCH('השוואת פקטורים'!$B18, 'PPRs inner'!$A$2:$A$108, 0), MATCH('השוואת פקטורים'!U$6, טבלה2[[#Headers],[SPPR_1986]:[SPPR_symbolic_full_import_as_DC]], 0)) / INDEX(טבלה2[[SPPR_1986]:[SPPR_symbolic_full_import_as_DC]], MATCH('השוואת פקטורים'!$B18, 'PPRs inner'!$A$2:$A$108, 0), MATCH('השוואת פקטורים'!T$6, טבלה2[[#Headers],[SPPR_1986]:[SPPR_symbolic_full_import_as_DC]], 0)) ) -> 1 | Z18: =PRODUCT(K18:Y18) -> 23.19193
... B113: [726] Guinea 1985 | C113: TRUE | D113: FALSE | E113: TRUE | F113: =AND(C113:E113) -> FALSE | G113: =ABS(INDEX(טבלה5[[SPPR_1986]:[SPPR_symbolic_full_import_as_DC]],MATCH('השוואת פקטורים'!$B113,טבלה5[עמודה1],0),MATCH($C$4,טבלה5[[#Headers],[SPPR_1986]:[SPPR_symbolic_full_import_as_DC]],0))) < 5 -> TRUE | H113: =INDEX(טבלה3[[SPPR_1986]:[SPPR_symbolic_full_import_as_DC]],MATCH('השוואת פקטורים'!$B113,טבלה3[עמודה1],0),MATCH($C$4,טבלה3[[#Headers],[SPPR_1986]:[SPPR_symbolic_full_import_as_DC]],0)) -> TRUE | I113: =AND(C113:H113) -> FALSE | K113: =IF($B$4="סהכ", INDEX(טבלה1[[SPPR_1986]:[SPPR_symbolic_full_import_as_DC]], MATCH('השוואת פקטורים'!$B113, 'PPRs all'!$A$2:$A$108, 0), MATCH('השוואת פקטורים'!K$6, טבלה1[[#Headers],[SPPR_1986]:[SPPR_symbolic_full_import_as_DC]], 0)) / INDEX(טבלה1[[SPPR_1986]:[SPPR_symbolic_full_import_as_DC]], MATCH('השוואת פקטורים'!$B113, 'PPRs all'!$A$2:$A$108, 0), MATCH('השוואת פקטורים'!J$6, טבלה1[[#Headers],[SPPR_1986]:[SPPR_symbolic_full_import_as_DC]], 0)), INDEX(טבלה2[[SPPR_1986]:[SPPR_symbolic_full_import_as_DC]], MATCH('השוואת פקטורים'!$B113, 'PPRs inner'!$A$2:$A$108, 0), MATCH('השוואת פקטורים'!K$6, טבלה2[[#Headers],[SPPR_1986]:[SPPR_symbolic_full_import_as_DC]], 0)) / INDEX(טבלה2[[SPPR_1986]:[SPPR_symbolic_full_import_as_DC]], MATCH('השוואת פקטורים'!$B113, 'PPRs inner'!$A$2:$A$108, 0), MATCH('השוואת פקטורים'!J$6, טבלה2[[#Headers],[SPPR_1986]:[SPPR_symbolic_full_import_as_DC]], 0)) ) -> 0.39809749 | L113: =IF($B$4="סהכ", INDEX(טבלה1[[SPPR_1986]:[SPPR_symbolic_full_import_as_DC]], MATCH('השוואת פקטורים'!$B113, 'PPRs all'!$A$2:$A$108, 0), MATCH('השוואת פקטורים'!L$6, טבלה1[[#Headers],[SPPR_1986]:[SPPR_symbolic_full_import_as_DC]], 0)) / INDEX(טבלה1[[SPPR_1986]:[SPPR_symbolic_full_import_as_DC]], MATCH('השוואת פקטורים'!$B113, 'PPRs all'!$A$2:$A$108, 0), MATCH('השוואת פקטורים'!K$6, טבלה1[[#Headers],[SPPR_1986]:[SPPR_symbolic_full_import_as_DC]], 0)), INDEX(טבלה2[[SPPR_1986]:[SPPR_symbolic_full_import_as_DC]], MATCH('השוואת פקטורים'!$B113, 'PPRs inner'!$A$2:$A$108, 0), MATCH('השוואת פקטורים'!L$6, טבלה2[[#Headers],[SPPR_1986]:[SPPR_symbolic_full_import_as_DC]], 0)) / INDEX(טבלה2[[SPPR_1986]:[SPPR_symbolic_full_import_as_DC]], MATCH('השוואת פקטורים'!$B113, 'PPRs inner'!$A$2:$A$108, 0), MATCH('השוואת פקטורים'!K$6, טבלה2[[#Headers],[SPPR_1986]:[SPPR_symbolic_full_import_as_DC]], 0)) ) -> 3.6737954 | M113: =IF($B$4="סהכ", INDEX(טבלה1[[SPPR_1986]:[SPPR_symbolic_full_import_as_DC]], MATCH('השוואת פקטורים'!$B113, 'PPRs all'!$A$2:$A$108, 0), MATCH('השוואת פקטורים'!M$6, טבלה1[[#Headers],[SPPR_1986]:[SPPR_symbolic_full_import_as_DC]], 0)) / INDEX(טבלה1[[SPPR_1986]:[SPPR_symbolic_full_import_as_DC]], MATCH('השוואת פקטורים'!$B113, 'PPRs all'!$A$2:$A$108, 0), MATCH('השוואת פקטורים'!L$6, טבלה1[[#Headers],[SPPR_1986]:[SPPR_symbolic_full_import_as_DC]], 0)), INDEX(טבלה2[[SPPR_1986]:[SPPR_symbolic_full_import_as_DC]], MATCH('השוואת פקטורים'!$B113, 'PPRs inner'!$A$2:$A$108, 0), MATCH('השוואת פקטורים'!M$6, טבלה2[[#Headers],[SPPR_1986]:[SPPR_symbolic_full_import_as_DC]], 0)) / INDEX(טבלה2[[SPPR_1986]:[SPPR_symbolic_full_import_as_DC]], MATCH('השוואת פקטורים'!$B113, 'PPRs inner'!$A$2:$A$108, 0), MATCH('השוואת פקטורים'!L$6, טבלה2[[#Headers],[SPPR_1986]:[SPPR_symbolic_full_import_as_DC]], 0)) ) -> 3.2537849 | N113: =IF($B$4="סהכ", INDEX(טבלה1[[SPPR_1986]:[SPPR_symbolic_full_import_as_DC]], MATCH('השוואת פקטורים'!$B113, 'PPRs all'!$A$2:$A$108, 0), MATCH('השוואת פקטורים'!N$6, טבלה1[[#Headers],[SPPR_1986]:[SPPR_symbolic_full_import_as_DC]], 0)) / INDEX(טבלה1[[SPPR_1986]:[SPPR_symbolic_full_import_as_DC]], MATCH('השוואת פקטורים'!$B113, 'PPRs all'!$A$2:$A$108, 0), MATCH('השוואת פקטורים'!M$6, טבלה1[[#Headers],[SPPR_1986]:[SPPR_symbolic_full_import_as_DC]], 0)), INDEX(טבלה2[[SPPR_1986]:[SPPR_symbolic_full_import_as_DC]], MATCH('השוואת פקטורים'!$B113, 'PPRs inner'!$A$2:$A$108, 0), MATCH('השוואת פקטורים'!N$6, טבלה2[[#Headers],[SPPR_1986]:[SPPR_symbolic_full_import_as_DC]], 0)) / INDEX(טבלה2[[SPPR_1986]:[SPPR_symbolic_full_import_as_DC]], MATCH('השוואת פקטורים'!$B113, 'PPRs inner'!$A$2:$A$108, 0), MATCH('השוואת פקטורים'!M$6, טבלה2[[#Headers],[SPPR_1986]:[SPPR_symbolic_full_import_as_DC]], 0)) ) -> 3.596505 | O113: =IF($B$4="סהכ", INDEX(טבלה1[[SPPR_1986]:[SPPR_symbolic_full_import_as_DC]], MATCH('השוואת פקטורים'!$B113, 'PPRs all'!$A$2:$A$108, 0), MATCH('השוואת פקטורים'!O$6, טבלה1[[#Headers],[SPPR_1986]:[SPPR_symbolic_full_import_as_DC]], 0)) / INDEX(טבלה1[[SPPR_1986]:[SPPR_symbolic_full_import_as_DC]], MATCH('השוואת פקטורים'!$B113, 'PPRs all'!$A$2:$A$108, 0), MATCH('השוואת פקטורים'!N$6, טבלה1[[#Headers],[SPPR_1986]:[SPPR_symbolic_full_import_as_DC]], 0)), INDEX(טבלה2[[SPPR_1986]:[SPPR_symbolic_full_import_as_DC]], MATCH('השוואת פקטורים'!$B113, 'PPRs inner'!$A$2:$A$108, 0), MATCH('השוואת פקטורים'!O$6, טבלה2[[#Headers],[SPPR_1986]:[SPPR_symbolic_full_import_as_DC]], 0)) / INDEX(טבלה2[[SPPR_1986]:[SPPR_symbolic_full_import_as_DC]], MATCH('השוואת פקטורים'!$B113, 'PPRs inner'!$A$2:$A$108, 0), MATCH('השוואת פקטורים'!N$6, טבלה2[[#Headers],[SPPR_1986]:[SPPR_symbolic_full_import_as_DC]], 0)) ) -> 1 | P113: =IF($B$4="סהכ", INDEX(טבלה1[[SPPR_1986]:[SPPR_symbolic_full_import_as_DC]], MATCH('השוואת פקטורים'!$B113, 'PPRs all'!$A$2:$A$108, 0), MATCH('השוואת פקטורים'!P$6, טבלה1[[#Headers],[SPPR_1986]:[SPPR_symbolic_full_import_as_DC]], 0)) / INDEX(טבלה1[[SPPR_1986]:[SPPR_symbolic_full_import_as_DC]], MATCH('השוואת פקטורים'!$B113, 'PPRs all'!$A$2:$A$108, 0), MATCH('השוואת פקטורים'!O$6, טבלה1[[#Headers],[SPPR_1986]:[SPPR_symbolic_full_import_as_DC]], 0)), INDEX(טבלה2[[SPPR_1986]:[SPPR_symbolic_full_import_as_DC]], MATCH('השוואת פקטורים'!$B113, 'PPRs inner'!$A$2:$A$108, 0), MATCH('השוואת פקטורים'!P$6, טבלה2[[#Headers],[SPPR_1986]:[SPPR_symbolic_full_import_as_DC]], 0)) / INDEX(טבלה2[[SPPR_1986]:[SPPR_symbolic_full_import_as_DC]], MATCH('השוואת פקטורים'!$B113, 'PPRs inner'!$A$2:$A$108, 0), MATCH('השוואת פקטורים'!O$6, טבלה2[[#Headers],[SPPR_1986]:[SPPR_symbolic_full_import_as_DC]], 0)) ) -> 0.26419561 | Q113: =IF($B$4="סהכ", INDEX(טבלה1[[SPPR_1986]:[SPPR_symbolic_full_import_as_DC]], MATCH('השוואת פקטורים'!$B113, 'PPRs all'!$A$2:$A$108, 0), MATCH('השוואת פקטורים'!Q$6, טבלה1[[#Headers],[SPPR_1986]:[SPPR_symbolic_full_import_as_DC]], 0)) / INDEX(טבלה1[[SPPR_1986]:[SPPR_symbolic_full_import_as_DC]], MATCH('השוואת פקטורים'!$B113, 'PPRs all'!$A$2:$A$108, 0), MATCH('השוואת פקטורים'!P$6, טבלה1[[#Headers],[SPPR_1986]:[SPPR_symbolic_full_import_as_DC]], 0)), INDEX(טבלה2[[SPPR_1986]:[SPPR_symbolic_full_import_as_DC]], MATCH('השוואת פקטורים'!$B113, 'PPRs inner'!$A$2:$A$108, 0), MATCH('השוואת פקטורים'!Q$6, טבלה2[[#Headers],[SPPR_1986]:[SPPR_symbolic_full_import_as_DC]], 0)) / INDEX(טבלה2[[SPPR_1986]:[SPPR_symbolic_full_import_as_DC]], MATCH('השוואת פקטורים'!$B113, 'PPRs inner'!$A$2:$A$108, 0), MATCH('השוואת פקטורים'!P$6, טבלה2[[#Headers],[SPPR_1986]:[SPPR_symbolic_full_import_as_DC]], 0)) ) -> 1 | R113: =IF($B$4="סהכ", INDEX(טבלה1[[SPPR_1986]:[SPPR_symbolic_full_import_as_DC]], MATCH('השוואת פקטורים'!$B113, 'PPRs all'!$A$2:$A$108, 0), MATCH('השוואת פקטורים'!R$6, טבלה1[[#Headers],[SPPR_1986]:[SPPR_symbolic_full_import_as_DC]], 0)) / INDEX(טבלה1[[SPPR_1986]:[SPPR_symbolic_full_import_as_DC]], MATCH('השוואת פקטורים'!$B113, 'PPRs all'!$A$2:$A$108, 0), MATCH('השוואת פקטורים'!Q$6, טבלה1[[#Headers],[SPPR_1986]:[SPPR_symbolic_full_import_as_DC]], 0)), INDEX(טבלה2[[SPPR_1986]:[SPPR_symbolic_full_import_as_DC]], MATCH('השוואת פקטורים'!$B113, 'PPRs inner'!$A$2:$A$108, 0), MATCH('השוואת פקטורים'!R$6, טבלה2[[#Headers],[SPPR_1986]:[SPPR_symbolic_full_import_as_DC]], 0)) / INDEX(טבלה2[[SPPR_1986]:[SPPR_symbolic_full_import_as_DC]], MATCH('השוואת פקטורים'!$B113, 'PPRs inner'!$A$2:$A$108, 0), MATCH('השוואת פקטורים'!Q$6, טבלה2[[#Headers],[SPPR_1986]:[SPPR_symbolic_full_import_as_DC]], 0)) ) -> 1.0613807 | ... U113: =IF($B$4="סהכ", INDEX(טבלה1[[SPPR_1986]:[SPPR_symbolic_full_import_as_DC]], MATCH('השוואת פקטורים'!$B113, 'PPRs all'!$A$2:$A$108, 0), MATCH('השוואת פקטורים'!U$6, טבלה1[[#Headers],[SPPR_1986]:[SPPR_symbolic_full_import_as_DC]], 0)) / INDEX(טבלה1[[SPPR_1986]:[SPPR_symbolic_full_import_as_DC]], MATCH('השוואת פקטורים'!$B113, 'PPRs all'!$A$2:$A$108, 0), MATCH('השוואת פקטורים'!T$6, טבלה1[[#Headers],[SPPR_1986]:[SPPR_symbolic_full_import_as_DC]], 0)), INDEX(טבלה2[[SPPR_1986]:[SPPR_symbolic_full_import_as_DC]], MATCH('השוואת פקטורים'!$B113, 'PPRs inner'!$A$2:$A$108, 0), MATCH('השוואת פקטורים'!U$6, טבלה2[[#Headers],[SPPR_1986]:[SPPR_symbolic_full_import_as_DC]], 0)) / INDEX(טבלה2[[SPPR_1986]:[SPPR_symbolic_full_import_as_DC]], MATCH('השוואת פקטורים'!$B113, 'PPRs inner'!$A$2:$A$108, 0), MATCH('השוואת פקטורים'!T$6, טבלה2[[#Headers],[SPPR_1986]:[SPPR_symbolic_full_import_as_DC]], 0)) ) -> 0.94216901 | Z113: =PRODUCT(K113:Y113) -> 4.5216767
K114: =AVERAGEIFS(K7:K113, K7:K113, "<10", K7:K113, ">0.1", $I$7:$I$113, TRUE) -> 0.92624465 | L114: =AVERAGEIFS(L7:L113, L7:L113, "<10", L7:L113, ">0.1", $I$7:$I$113, TRUE) -> 3.2175935 | M114: =AVERAGEIFS(M7:M113, M7:M113, "<10", M7:M113, ">0.1", $I$7:$I$113, TRUE) -> 1.8205109 | N114: =AVERAGEIFS(N7:N113, N7:N113, "<10", N7:N113, ">0.1", $I$7:$I$113, TRUE) -> 2.1620279 | O114: =AVERAGEIFS(O7:O113, O7:O113, "<10", O7:O113, ">0.1", $I$7:$I$113, TRUE) -> 1 | P114: =AVERAGEIFS(P7:P113, P7:P113, "<10", P7:P113, ">0.1", $I$7:$I$113, TRUE) -> 0.56049775 | Q114: =AVERAGEIFS(Q7:Q113, Q7:Q113, "<10", Q7:Q113, ">0.1", $I$7:$I$113, TRUE) -> 1 | R114: =AVERAGEIFS(R7:R113, R7:R113, "<10", R7:R113, ">0.1", $I$7:$I$113, TRUE) -> 1.0297394 | ... U114: =AVERAGEIFS(U7:U113, U7:U113, "<10", U7:U113, ">0.1", $I$7:$I$113, TRUE) -> 0.98157843 | Z114: =PRODUCT(K114:Y114) -> 6.7172262
K115: =AVERAGEIFS(K7:K113, K7:K113, "<8", K7:K113, ">0.125", $I$7:$I$113, TRUE) -> 0.98779475 | L115: =AVERAGEIFS(L7:L113, L7:L113, "<8", L7:L113, ">0.125", $I$7:$I$113, TRUE) -> 2.7773977 | M115: =AVERAGEIFS(M7:M113, M7:M113, "<8", M7:M113, ">0.125", $I$7:$I$113, TRUE) -> 1.7151443 | N115: =AVERAGEIFS(N7:N113, N7:N113, "<8", N7:N113, ">0.125", $I$7:$I$113, TRUE) -> 2.0796631 | O115: =AVERAGEIFS(O7:O113, O7:O113, "<8", O7:O113, ">0.125", $I$7:$I$113, TRUE) -> 1 | P115: =AVERAGEIFS(P7:P113, P7:P113, "<8", P7:P113, ">0.125", $I$7:$I$113, TRUE) -> 0.57450906 | Q115: =AVERAGEIFS(Q7:Q113, Q7:Q113, "<8", Q7:Q113, ">0.125", $I$7:$I$113, TRUE) -> 1 | R115: =AVERAGEIFS(R7:R113, R7:R113, "<8", R7:R113, ">0.125", $I$7:$I$113, TRUE) -> 1.0297394 | ... U115: =AVERAGEIFS(U7:U113, U7:U113, "<8", U7:U113, ">0.125", $I$7:$I$113, TRUE) -> 0.98157843 | Z115: =PRODUCT(K115:Y115) -> 5.7438084
K116: =AVERAGEIFS(K7:K113, K7:K113, "<5", K7:K113, ">0.2", $I$7:$I$113, TRUE) -> 1.0561142 | L116: =AVERAGEIFS(L7:L113, L7:L113, "<5", L7:L113, ">0.2", $I$7:$I$113, TRUE) -> 2.3161065 | M116: =AVERAGEIFS(M7:M113, M7:M113, "<5", M7:M113, ">0.2", $I$7:$I$113, TRUE) -> 1.4754053 | N116: =AVERAGEIFS(N7:N113, N7:N113, "<5", N7:N113, ">0.2", $I$7:$I$113, TRUE) -> 1.7482122 | O116: =AVERAGEIFS(O7:O113, O7:O113, "<5", O7:O113, ">0.2", $I$7:$I$113, TRUE) -> 1 | P116: =AVERAGEIFS(P7:P113, P7:P113, "<5", P7:P113, ">0.2", $I$7:$I$113, TRUE) -> 0.64244328 | Q116: =AVERAGEIFS(Q7:Q113, Q7:Q113, "<5", Q7:Q113, ">0.2", $I$7:$I$113, TRUE) -> 1 | R116: =AVERAGEIFS(R7:R113, R7:R113, "<5", R7:R113, ">0.2", $I$7:$I$113, TRUE) -> 1.0297394 | ... U116: =AVERAGEIFS(U7:U113, U7:U113, "<5", U7:U113, ">0.2", $I$7:$I$113, TRUE) -> 0.98157843 | Z116: =PRODUCT(K116:Y116) -> 4.1410868
K117: TE ממוצע במקום 0.1 | L117: ינסן על TL | M117: ינסן על TE | N117: מעגלים | O117: - | P117: בלי לספור דטריטוס בתוך ה-PPR | Q117: - | R117: תיקון התייחסות ל-diet_import

Sheet PPRs all
A1: עמודה1 | B1: SPPR_1986 | C1: SPPR_1995_mTL_global_TE_01 | D1: SPPR_1995_TL2_global_TE_01 | E1: SPPR_1995_mTL_global_mTE | F1: SPPR_1995_TL2_global_mTE | G1: SPPR_EwE_global_mTE | H1: SPPR_EwE_differential_TE | I1: SPPR_2015 | J1: SPPR_new_2015 | K1: SPPR_new_full | L1: SPPR_new_GE | M1: SPPR_symbolic_GE_import_as_PP | N1: SPPR_symbolic_GE_import_as_DC | O1: SPPR_symbolic_TE_import_as_PP | P1: SPPR_symbolic_TE_import_as_DC | Q1: SPPR_symbolic_full_import_as_PP | R1: SPPR_symbolic_full_import_as_DC | S1: model is balanced | T1: DC rows sum to 1 | U1: catch is not negative | V1: model is fine
A2: [2] Alaska, Prince William Sound 1980 | B2: 1467.2724 | C2: 2369.4318 | D2: 4108.4662 | E2: 31.770929 | F2: 34.106082 | G2: 34.830131 | H2: 742.16203 | I2: 971.16625 | J2: 971.16625 | K2: 199.76108 | L2: 3464.9507 | M2: 3464.9507 | N2: 3464.9507 | O2: 971.16625 | P2: 971.16625 | Q2: 199.76108 | R2: 199.76108 | S2: TRUE | T2: TRUE | U2: TRUE | V2: TRUE
A3: [7] Azores archipelago 1997 | B3: 14.438096 | C3: 19.784511 | D3: 28.419468 | E3: 15.200121 | F3: 21.181037 | G3: 85.316479 | H3: 183.96639 | I3: 388.09335 | J3: 388.09335 | K3: 0.51838832 | L3: 35.648287 | M3: 35.648287 | N3: -25937.933 | O3: 388.09335 | P3: 69608384 | Q3: 0.51838832 | R3: 52520.547 | S3: TRUE | T3: TRUE | U3: TRUE | V3: TRUE
A4: [28] Central Atlantic 1950 | B4: 0.73693191 | C4: 1.0500826 | D4: 1.7421633 | E4: 0.12489235 | F4: 0.16246366 | G4: 0.26303448 | H4: 91.778848 | I4: 2950.0782 | J4: 2950.0782 | K4: 0.32711092 | L4: 42.888812 | M4: 42.888812 | N4: 42.888812 | O4: 2950.0782 | P4: 2950.0782 | Q4: 0.32711092 | R4: 0.32711092 | S4: TRUE | T4: TRUE | U4: TRUE | V4: TRUE
A5: [29] Central Atlantic 1990 | B5: 16.848178 | C5: 21.681885 | D5: 34.827472 | E5: 19.63347 | F5: 31.216569 | G5: 89.676616 | H5: 613.70545 | I5: 2947.3686 | J5: 2947.3686 | K5: 4.8803425 | L5: 369.04344 | M5: 369.04344 | N5: 369.04344 | O5: 2947.3686 | P5: 2947.3686 | Q5: 4.8803425 | R5: 4.8803425 | S5: TRUE | T5: TRUE | U5: TRUE | V5: TRUE
A6: [40] Eastern Scotian Shelf 1980 | B6: 403.21854 | C6: 485.82614 | D6: 787.88075 | E6: 236.95325 | F6: 345.90774 | G6: 727.51881 | H6: 1588.5174 | I6: 1783.2788 | J6: 1783.2788 | K6: 33.402823 | L6: 427.61432 | M6: 427.61432 | N6: 525.31038 | O6: 1783.2788 | P6: 1938.2358 | Q6: 33.402823 | R6: 37.10748 | S6: TRUE | T6: TRUE | U6: TRUE | V6: TRUE
A7: [41] Eastern Scotian Shelf 1995 | B7: 79.164462 | C7: 176.18513 | D7: 268.50685 | E7: 507.04841 | F7: 891.77956 | G7: 3657.5044 | H7: 842.47047 | I7: 1158.6052 | J7: 1158.6052 | K7: 44.864394 | L7: 419.33152 | M7: 419.33152 | N7: 490.80735 | O7: 1158.6052 | P7: 1622.5241 | Q7: 44.864394 | R7: 46.989834 | S7: TRUE | T7: TRUE | U7: TRUE | V7: TRUE
A8: [46] Denmark, Faroe Islands 1997 | B8: 567.66779 | C8: 707.16332 | D8: 949.98923 | E8: 1444.6388 | F8: 2040.2679 | G8: 12484.685 | H8: 1159.9226 | I8: 2748.2723 | J8: 2748.2723 | K8: 27.831487 | L8: 1538.5228 | M8: 1538.5228 | N8: 1538.5228 | O8: 2748.2723 | P8: 2748.2723 | Q8: 27.831487 | R8: 27.831487 | S8: TRUE | T8: TRUE | U8: TRUE | V8: TRUE
A9: [68] Icelandic shelf 1997 | B9: 264.13231 | C9: 334.81618 | D9: 461.45404 | E9: 33.262961 | F9: 36.36179 | G9: 38.451665 | H9: 216.13973 | I9: 252.58044 | J9: 252.58044 | K9: 15.086788 | L9: 136.37655 | M9: 136.37655 | N9: 136.37655 | O9: 252.58044 | P9: 252.58044 | Q9: 15.086788 | R9: 15.086788 | S9: TRUE | T9: TRUE | U9: TRUE | V9: TRUE
A10: [105] Grand Banks of Newfoundland 1900 | B10: 694.16978 | C10: 754.8737 | D10: 865.14113 | E10: 1043.854 | F10: 1213.0415 | G10: 4359.4889 | H10: 2893.9307 | I10: 5293.6315 | J10: 5293.6315 | K10: 30.490625 | L10: 3255.1616 | M10: 3255.1616 | N10: 3255.1616 | O10: 5293.6315 | P10: 5293.6315 | Q10: 30.490625 | R10: 30.490625 | S10: TRUE | T10: TRUE | U10: TRUE | V10: TRUE
A11: [107] Grand Banks of Newfoundland 1980 | B11: 845.83388 | C11: 1181.4786 | D11: 1874.3842 | E11: 563.46476 | F11: 809.81127 | G11: 1388.4127 | H11: 1704.168 | I11: 1732.8957 | J11: 1732.8957 | K11: 37.543014 | L11: 524.50916 | M11: 524.50916 | N11: 524.50916 | O11: 1732.8957 | P11: 1732.8957 | Q11: 37.543014 | R11: 37.543014 | S11: TRUE | T11: FALSE | U11: TRUE | V11: FALSE
A12: [108] Grand Banks of Newfoundland 1990 | B12: 39.52135 | C12: 144.7785 | D12: 240.41577 | E12: 53.729837 | F12: 77.60952 | G12: 152.03356 | H12: 1940.4138 | I12: 1674.1641 | J12: 1674.1641 | K12: 7.204161 | L12: 393.81227 | M12: 393.81227 | N12: 393.81227 | O12: 1674.1641 | P12: 1674.1641 | Q12: 7.204161 | R12: 7.204161 | S12: TRUE | T12: TRUE | U12: TRUE | V12: TRUE
A13: [111] North Atlantic 1950 | B13: 10.392215 | C13: 14.982305 | D13: 23.555703 | E13: 3.8936652 | F13: 5.3443144 | G13: 11.040533 | H13: 1056.2049 | I13: 3491.8434 | J13: 3491.8434 | K13: 4.0238507 | L13: 347.46858 | M13: 347.46858 | N13: 347.46858 | O13: 3491.8434 | P13: 3491.8434 | Q13: 4.0238507 | R13: 4.0238507 | S13: TRUE | T13: TRUE | U13: TRUE | V13: TRUE
... A108: [726] Guinea 1985 | B108: 154.02301 | C108: 320.51058 | D108: 430.41637 | E108: 127.59446 | F108: 159.63671 | G108: 469.16122 | H108: 1526.5662 | I108: 5488.9148 | J108: 5488.9148 | K108: 30.720971 | L108: 1449.9755 | M108: 1449.9755 | N108: 1650.7231 | O108: 5488.9148 | P108: 6354.7918 | Q108: 30.720971 | R108: 31.729901 | S108: TRUE | T108: FALSE | U108: TRUE | V108: FALSE

Sheet PPRs inner
A1: עמודה1 | B1: SPPR_1986 | C1: SPPR_1995_mTL_global_TE_01 | D1: SPPR_1995_TL2_global_TE_01 | E1: SPPR_1995_mTL_global_mTE | F1: SPPR_1995_TL2_global_mTE | G1: SPPR_EwE_global_mTE | H1: SPPR_EwE_differential_TE | I1: SPPR_2015 | J1: SPPR_new_2015 | K1: SPPR_new_full | L1: SPPR_new_GE | M1: SPPR_symbolic_GE_import_as_PP | N1: SPPR_symbolic_GE_import_as_DC | O1: SPPR_symbolic_TE_import_as_PP | P1: SPPR_symbolic_TE_import_as_DC | Q1: SPPR_symbolic_full_import_as_PP | R1: SPPR_symbolic_full_import_as_DC | S1: model is balanced | T1: DC rows sum to 1 | U1: catch is not negative | V1: model is fine
A2: [2] Alaska, Prince William Sound 1980 | B2: 1467.2724 | C2: 2369.4318 | D2: 4108.4662 | E2: 31.770929 | F2: 34.106082 | G2: 34.830131 | H2: 742.16203 | I2: 971.16625 | J2: 971.16625 | K2: 199.76108 | L2: 3464.9507 | M2: 3464.9507 | N2: 3464.9507 | O2: 971.16625 | P2: 971.16625 | Q2: 199.76108 | R2: 199.76108 | S2: TRUE | T2: TRUE | U2: TRUE | V2: TRUE
A3: [7] Azores archipelago 1997 | B3: 14.438096 | C3: 19.784511 | D3: 28.419468 | E3: 15.200121 | F3: 21.181037 | G3: 85.316479 | H3: 183.96639 | I3: 388.09335 | J3: 388.09335 | K3: 0.51838818 | L3: 35.648287 | M3: 35.648287 | N3: -25547.74 | O3: 388.09335 | P3: 69608248 | Q3: 0.51838832 | R3: 64386.296 | S3: TRUE | T3: TRUE | U3: TRUE | V3: TRUE
A4: [28] Central Atlantic 1950 | B4: 0.73693191 | C4: 1.0500826 | D4: 1.7421633 | E4: 0.12489235 | F4: 0.16246366 | G4: 0.26303448 | H4: 91.778848 | I4: 2950.0782 | J4: 2950.0782 | K4: 0.32711092 | L4: 42.888812 | M4: 42.888812 | N4: 42.888812 | O4: 2950.0782 | P4: 2950.0782 | Q4: 0.32711092 | R4: 0.32711092 | S4: TRUE | T4: TRUE | U4: TRUE | V4: TRUE
A5: [29] Central Atlantic 1990 | B5: 16.848178 | C5: 21.681885 | D5: 34.827472 | E5: 19.63347 | F5: 31.216569 | G5: 89.676616 | H5: 613.70545 | I5: 2947.3686 | J5: 2947.3686 | K5: 4.8803425 | L5: 369.04344 | M5: 369.04344 | N5: 369.04344 | O5: 2947.3686 | P5: 2947.3686 | Q5: 4.8803425 | R5: 4.8803425 | S5: TRUE | T5: TRUE | U5: TRUE | V5: TRUE
A6: [40] Eastern Scotian Shelf 1980 | B6: 403.21854 | C6: 485.82614 | D6: 787.88075 | E6: 236.95325 | F6: 345.90774 | G6: 725.36283 | H6: 1585.4882 | I6: 1778.951 | J6: 1778.951 | K6: 32.800532 | L6: 425.43475 | M6: 425.43475 | N6: 433.05597 | O6: 1778.951 | P6: 1778.951 | Q6: 32.827621 | R6: 32.979585 | S6: TRUE | T6: TRUE | U6: TRUE | V6: TRUE
A7: [41] Eastern Scotian Shelf 1995 | B7: 79.164462 | C7: 176.18513 | D7: 268.50685 | E7: 507.04841 | F7: 891.77956 | G7: 3657.2627 | H7: 842.3301 | I7: 1158.1343 | J7: 1158.1343 | K7: 44.813734 | L7: 419.19339 | M7: 419.19339 | N7: 438.78831 | O7: 1158.1343 | P7: 1158.1343 | Q7: 44.83423 | R7: 45.369395 | S7: TRUE | T7: TRUE | U7: TRUE | V7: TRUE
A8: [46] Denmark, Faroe Islands 1997 | B8: 567.66779 | C8: 707.16332 | D8: 949.98923 | E8: 1444.6388 | F8: 2040.2679 | G8: 12484.685 | H8: 1159.9226 | I8: 2748.2723 | J8: 2748.2723 | K8: 27.831487 | L8: 1538.5228 | M8: 1538.5228 | N8: 1538.5228 | O8: 2748.2723 | P8: 2748.2723 | Q8: 27.831487 | R8: 27.831487 | S8: TRUE | T8: TRUE | U8: TRUE | V8: TRUE
A9: [68] Icelandic shelf 1997 | B9: 264.13231 | C9: 334.81618 | D9: 461.45404 | E9: 33.262961 | F9: 36.36179 | G9: 38.451665 | H9: 216.13973 | I9: 252.58044 | J9: 252.58044 | K9: 15.086788 | L9: 136.37655 | M9: 136.37655 | N9: 136.37655 | O9: 252.58044 | P9: 252.58044 | Q9: 15.086788 | R9: 15.086788 | S9: TRUE | T9: TRUE | U9: TRUE | V9: TRUE
A10: [105] Grand Banks of Newfoundland 1900 | B10: 694.16978 | C10: 754.8737 | D10: 865.14113 | E10: 1043.854 | F10: 1213.0415 | G10: 4359.4889 | H10: 2893.9307 | I10: 5293.6315 | J10: 5293.6315 | K10: 30.490625 | L10: 3255.1616 | M10: 3255.1616 | N10: 3255.1616 | O10: 5293.6315 | P10: 5293.6315 | Q10: 30.490625 | R10: 30.490625 | S10: TRUE | T10: TRUE | U10: TRUE | V10: TRUE
A11: [107] Grand Banks of Newfoundland 1980 | B11: 845.83388 | C11: 1181.4786 | D11: 1874.3842 | E11: 563.46476 | F11: 809.81127 | G11: 1388.4127 | H11: 1704.168 | I11: 1732.8957 | J11: 1732.8957 | K11: 37.543014 | L11: 524.50916 | M11: 524.50916 | N11: 524.50916 | O11: 1732.8957 | P11: 1732.8957 | Q11: 37.543014 | R11: 37.543014 | S11: TRUE | T11: FALSE | U11: TRUE | V11: FALSE
A12: [108] Grand Banks of Newfoundland 1990 | B12: 39.52135 | C12: 144.7785 | D12: 240.41577 | E12: 53.729837 | F12: 77.60952 | G12: 152.03356 | H12: 1940.4138 | I12: 1674.1641 | J12: 1674.1641 | K12: 7.204161 | L12: 393.81227 | M12: 393.81227 | N12: 393.81227 | O12: 1674.1641 | P12: 1674.1641 | Q12: 7.204161 | R12: 7.204161 | S12: TRUE | T12: TRUE | U12: TRUE | V12: TRUE
A13: [111] North Atlantic 1950 | B13: 10.392215 | C13: 14.982305 | D13: 23.555703 | E13: 3.8936652 | F13: 5.3443144 | G13: 11.040533 | H13: 1056.2049 | I13: 3491.8434 | J13: 3491.8434 | K13: 4.0238507 | L13: 347.46858 | M13: 347.46858 | N13: 347.46858 | O13: 3491.8434 | P13: 3491.8434 | Q13: 4.0238507 | R13: 4.0238507 | S13: TRUE | T13: TRUE | U13: TRUE | V13: TRUE
... A108: [726] Guinea 1985 | B108: 154.02301 | C108: 320.51058 | D108: 430.41637 | E108: 127.59446 | F108: 159.63671 | G108: 468.75593 | H108: 1525.231 | I108: 5485.5008 | J108: 5485.5008 | K108: 30.616127 | L108: 1449.2452 | M108: 1449.2452 | N108: 1538.2009 | O108: 5485.5008 | P108: 5485.5008 | Q108: 30.630151 | R108: 30.753265 | S108: TRUE | T108: FALSE | U108: TRUE | V108: FALSE

Sheet SPPR did not explode
A1: עמודה1 | B1: SPPR_1986 | C1: SPPR_1995_mTL_global_TE_01 | D1: SPPR_1995_TL2_global_TE_01 | E1: SPPR_1995_mTL_global_mTE | F1: SPPR_1995_TL2_global_mTE | G1: SPPR_EwE_global_mTE | H1: SPPR_EwE_differential_TE | I1: SPPR_2015 | J1: SPPR_new_2015 | K1: SPPR_new_full | L1: SPPR_new_GE | M1: SPPR_symbolic_GE_import_as_PP | N1: SPPR_symbolic_GE_import_as_DC | O1: SPPR_symbolic_TE_import_as_PP | P1: SPPR_symbolic_TE_import_as_DC | Q1: SPPR_symbolic_full_import_as_PP | R1: SPPR_symbolic_full_import_as_DC | S1: model is fine
A2: [2] Alaska, Prince William Sound 1980 | B2: TRUE | C2: TRUE | D2: TRUE | E2: TRUE | F2: TRUE | G2: TRUE | H2: TRUE | I2: TRUE | J2: TRUE | K2: TRUE | L2: TRUE | M2: TRUE | N2: TRUE | O2: TRUE | P2: TRUE | Q2: TRUE | R2: TRUE | S2: TRUE
A3: [7] Azores archipelago 1997 | B3: TRUE | C3: TRUE | D3: TRUE | E3: TRUE | F3: TRUE | G3: TRUE | H3: TRUE | I3: FALSE | J3: FALSE | K3: TRUE | L3: TRUE | M3: TRUE | N3: FALSE | O3: FALSE | P3: FALSE | Q3: TRUE | R3: FALSE | S3: TRUE
A4: [28] Central Atlantic 1950 | B4: TRUE | C4: TRUE | D4: TRUE | E4: TRUE | F4: TRUE | G4: TRUE | H4: TRUE | I4: TRUE | J4: TRUE | K4: TRUE | L4: TRUE | M4: TRUE | N4: TRUE | O4: TRUE | P4: TRUE | Q4: TRUE | R4: TRUE | S4: TRUE
A5: [29] Central Atlantic 1990 | B5: TRUE | C5: TRUE | D5: TRUE | E5: TRUE | F5: TRUE | G5: TRUE | H5: TRUE | I5: TRUE | J5: TRUE | K5: TRUE | L5: TRUE | M5: TRUE | N5: TRUE | O5: TRUE | P5: TRUE | Q5: TRUE | R5: TRUE | S5: TRUE
A6: [40] Eastern Scotian Shelf 1980 | B6: TRUE | C6: TRUE | D6: TRUE | E6: TRUE | F6: TRUE | G6: TRUE | H6: TRUE | I6: TRUE | J6: TRUE | K6: TRUE | L6: TRUE | M6: TRUE | N6: FALSE | O6: TRUE | P6: FALSE | Q6: TRUE | R6: TRUE | S6: TRUE
A7: [41] Eastern Scotian Shelf 1995 | B7: TRUE | C7: TRUE | D7: TRUE | E7: TRUE | F7: TRUE | G7: TRUE | H7: TRUE | I7: TRUE | J7: TRUE | K7: TRUE | L7: TRUE | M7: TRUE | N7: TRUE | O7: TRUE | P7: TRUE | Q7: TRUE | R7: TRUE | S7: TRUE
A8: [46] Denmark, Faroe Islands 1997 | B8: TRUE | C8: TRUE | D8: TRUE | E8: TRUE | F8: TRUE | G8: TRUE | H8: TRUE | I8: TRUE | J8: TRUE | K8: TRUE | L8: TRUE | M8: TRUE | N8: TRUE | O8: TRUE | P8: TRUE | Q8: TRUE | R8: TRUE | S8: TRUE
A9: [68] Icelandic shelf 1997 | B9: TRUE | C9: TRUE | D9: TRUE | E9: TRUE | F9: TRUE | G9: TRUE | H9: TRUE | I9: TRUE | J9: TRUE | K9: TRUE | L9: TRUE | M9: TRUE | N9: TRUE | O9: TRUE | P9: TRUE | Q9: TRUE | R9: TRUE | S9: TRUE
A10: [105] Grand Banks of Newfoundland 1900 | B10: TRUE | C10: TRUE | D10: TRUE | E10: TRUE | F10: TRUE | G10: TRUE | H10: TRUE | I10: TRUE | J10: TRUE | K10: TRUE | L10: TRUE | M10: TRUE | N10: TRUE | O10: TRUE | P10: TRUE | Q10: TRUE | R10: TRUE | S10: TRUE
A11: [107] Grand Banks of Newfoundland 1980 | B11: TRUE | C11: TRUE | D11: TRUE | E11: TRUE | F11: TRUE | G11: TRUE | H11: TRUE | I11: TRUE | J11: TRUE | K11: TRUE | L11: TRUE | M11: TRUE | N11: TRUE | O11: TRUE | P11: TRUE | Q11: TRUE | R11: TRUE | S11: FALSE
A12: [108] Grand Banks of Newfoundland 1990 | B12: TRUE | C12: TRUE | D12: TRUE | E12: TRUE | F12: TRUE | G12: TRUE | H12: TRUE | I12: TRUE | J12: TRUE | K12: TRUE | L12: TRUE | M12: TRUE | N12: TRUE | O12: TRUE | P12: TRUE | Q12: TRUE | R12: TRUE | S12: TRUE
A13: [111] North Atlantic 1950 | B13: TRUE | C13: TRUE | D13: TRUE | E13: TRUE | F13: TRUE | G13: TRUE | H13: TRUE | I13: TRUE | J13: TRUE | K13: TRUE | L13: TRUE | M13: TRUE | N13: TRUE | O13: TRUE | P13: TRUE | Q13: TRUE | R13: TRUE | S13: TRUE
... A108: [726] Guinea 1985 | B108: TRUE | C108: TRUE | D108: TRUE | E108: TRUE | F108: TRUE | G108: TRUE | H108: TRUE | I108: TRUE | J108: TRUE | K108: TRUE | L108: TRUE | M108: TRUE | N108: FALSE | O108: TRUE | P108: FALSE | Q108: TRUE | R108: TRUE | S108: FALSE

Sheet SPPR is balanced
A1: עמודה1 | B1: SPPR_1986 | C1: SPPR_1995_mTL_global_TE_01 | D1: SPPR_1995_TL2_global_TE_01 | E1: SPPR_1995_mTL_global_mTE | F1: SPPR_1995_TL2_global_mTE | G1: SPPR_EwE_global_mTE | H1: SPPR_EwE_differential_TE | I1: SPPR_2015 | J1: SPPR_new_2015 | K1: SPPR_new_full | L1: SPPR_new_GE | M1: SPPR_symbolic_GE_import_as_PP | N1: SPPR_symbolic_GE_import_as_DC | O1: SPPR_symbolic_TE_import_as_PP | P1: SPPR_symbolic_TE_import_as_DC | Q1: SPPR_symbolic_full_import_as_PP | R1: SPPR_symbolic_full_import_as_DC | S1: model is fine
A2: [2] Alaska, Prince William Sound 1980 | B2: FALSE | C2: FALSE | D2: FALSE | E2: FALSE | F2: FALSE | G2: FALSE | H2: FALSE | I2: FALSE | J2: FALSE | K2: TRUE | L2: TRUE | M2: TRUE | N2: TRUE | O2: FALSE | P2: FALSE | Q2: TRUE | R2: TRUE | S2: TRUE
A3: [7] Azores archipelago 1997 | B3: FALSE | C3: FALSE | D3: FALSE | E3: FALSE | F3: FALSE | G3: FALSE | H3: FALSE | I3: FALSE | J3: FALSE | K3: TRUE | L3: TRUE | M3: TRUE | N3: FALSE | O3: FALSE | P3: FALSE | Q3: TRUE | R3: FALSE | S3: TRUE
A4: [28] Central Atlantic 1950 | B4: FALSE | C4: FALSE | D4: FALSE | E4: FALSE | F4: FALSE | G4: FALSE | H4: FALSE | I4: TRUE | J4: TRUE | K4: TRUE | L4: TRUE | M4: TRUE | N4: TRUE | O4: TRUE | P4: TRUE | Q4: TRUE | R4: TRUE | S4: TRUE
A5: [29] Central Atlantic 1990 | B5: FALSE | C5: FALSE | D5: FALSE | E5: FALSE | F5: FALSE | G5: FALSE | H5: FALSE | I5: TRUE | J5: TRUE | K5: TRUE | L5: TRUE | M5: TRUE | N5: TRUE | O5: TRUE | P5: TRUE | Q5: TRUE | R5: TRUE | S5: TRUE
A6: [40] Eastern Scotian Shelf 1980 | B6: FALSE | C6: FALSE | D6: FALSE | E6: FALSE | F6: FALSE | G6: FALSE | H6: FALSE | I6: FALSE | J6: FALSE | K6: TRUE | L6: TRUE | M6: TRUE | N6: TRUE | O6: FALSE | P6: FALSE | Q6: TRUE | R6: TRUE | S6: TRUE
A7: [41] Eastern Scotian Shelf 1995 | B7: FALSE | C7: FALSE | D7: FALSE | E7: FALSE | F7: FALSE | G7: FALSE | H7: FALSE | I7: FALSE | J7: FALSE | K7: TRUE | L7: TRUE | M7: TRUE | N7: TRUE | O7: FALSE | P7: FALSE | Q7: TRUE | R7: FALSE | S7: TRUE
A8: [46] Denmark, Faroe Islands 1997 | B8: FALSE | C8: FALSE | D8: FALSE | E8: FALSE | F8: FALSE | G8: FALSE | H8: FALSE | I8: FALSE | J8: FALSE | K8: TRUE | L8: TRUE | M8: TRUE | N8: TRUE | O8: FALSE | P8: FALSE | Q8: TRUE | R8: TRUE | S8: TRUE
A9: [68] Icelandic shelf 1997 | B9: FALSE | C9: FALSE | D9: FALSE | E9: FALSE | F9: FALSE | G9: FALSE | H9: FALSE | I9: FALSE | J9: FALSE | K9: TRUE | L9: TRUE | M9: TRUE | N9: TRUE | O9: FALSE | P9: FALSE | Q9: TRUE | R9: TRUE | S9: TRUE
A10: [105] Grand Banks of Newfoundland 1900 | B10: FALSE | C10: FALSE | D10: FALSE | E10: FALSE | F10: FALSE | G10: FALSE | H10: FALSE | I10: TRUE | J10: TRUE | K10: TRUE | L10: TRUE | M10: TRUE | N10: TRUE | O10: TRUE | P10: TRUE | Q10: TRUE | R10: TRUE | S10: TRUE
A11: [107] Grand Banks of Newfoundland 1980 | B11: FALSE | C11: FALSE | D11: FALSE | E11: FALSE | F11: FALSE | G11: FALSE | H11: FALSE | I11: FALSE | J11: FALSE | K11: TRUE | L11: TRUE | M11: TRUE | N11: TRUE | O11: FALSE | P11: FALSE | Q11: TRUE | R11: TRUE | S11: FALSE
A12: [108] Grand Banks of Newfoundland 1990 | B12: FALSE | C12: FALSE | D12: FALSE | E12: FALSE | F12: FALSE | G12: FALSE | H12: FALSE | I12: TRUE | J12: TRUE | K12: TRUE | L12: TRUE | M12: TRUE | N12: TRUE | O12: TRUE | P12: TRUE | Q12: TRUE | R12: TRUE | S12: TRUE
A13: [111] North Atlantic 1950 | B13: FALSE | C13: FALSE | D13: FALSE | E13: FALSE | F13: FALSE | G13: FALSE | H13: FALSE | I13: TRUE | J13: TRUE | K13: TRUE | L13: TRUE | M13: TRUE | N13: TRUE | O13: TRUE | P13: TRUE | Q13: TRUE | R13: TRUE | S13: TRUE
... A108: [726] Guinea 1985 | B108: FALSE | C108: FALSE | D108: FALSE | E108: FALSE | F108: FALSE | G108: FALSE | H108: FALSE | I108: FALSE | J108: FALSE | K108: TRUE | L108: TRUE | M108: TRUE | N108: TRUE | O108: FALSE | P108: FALSE | Q108: TRUE | R108: TRUE | S108: FALSE

Sheet outflow minus inflow
A1: עמודה1 | B1: SPPR_1986 | C1: SPPR_1995_mTL_global_TE_01 | D1: SPPR_1995_TL2_global_TE_01 | E1: SPPR_1995_mTL_global_mTE | F1: SPPR_1995_TL2_global_mTE | G1: SPPR_EwE_global_mTE | H1: SPPR_EwE_differential_TE | I1: SPPR_2015 | J1: SPPR_new_2015 | K1: SPPR_new_full | L1: SPPR_new_GE | M1: SPPR_symbolic_GE_import_as_PP | N1: SPPR_symbolic_GE_import_as_DC | O1: SPPR_symbolic_TE_import_as_PP | P1: SPPR_symbolic_TE_import_as_DC | Q1: SPPR_symbolic_full_import_as_PP | R1: SPPR_symbolic_full_import_as_DC
A2: [2] Alaska, Prince William Sound 1980 | B2: 214699.75 | C2: -6864.7103 | D2: -5125.676 | E2: -9202.3712 | F2: -9200.0361 | G2: -9199.312 | H2: -8491.9801 | I2: -8493.6494 | J2: -8493.6494 | K2: 0.0022993119 | L2: 0.0023478709 | M2: 0.0023478735 | N2: 0.0023478735 | O2: -8493.6494 | P2: -8493.6494 | Q2: 0.0022993119 | R2: 0.0022993119
A3: [7] Azores archipelago 1997 | B3: 909760.82 | C3: -415.28642 | D3: -406.65146 | E3: -419.87081 | F3: -413.88989 | G3: -349.75445 | H3: -251.10454 | I3: -423.62934 | J3: -423.62934 | K3: -4.7249989e-06 | L3: -8.5895499e-07 | M3: -8.5883994e-07 | N3: -52051.944 | O3: -423.62934 | P3: 69607589 | Q3: -4.725001e-06 | R3: 43089.585
A4: [28] Central Atlantic 1950 | B4: 55519.158 | C4: -2903.556 | D4: -2902.864 | E4: -2904.4812 | F4: -2904.4437 | G4: -2904.3431 | H4: -2812.8273 | I4: -0.00042818118 | J4: -0.00042818119 | K4: -0.00647809 | L4: -0.010961766 | M4: -0.010961766 | N4: -0.010961766 | O4: -0.00042818119 | P4: -0.00042818119 | Q4: -0.00647809 | R4: -0.00647809
A5: [29] Central Atlantic 1990 | B5: 120202.9 | C5: -2871.2523 | D5: -2858.1068 | E5: -2873.3008 | F5: -2861.7177 | G5: -2803.2576 | H5: -2279.2288 | I5: -0.0014442337 | J5: -0.0014442337 | K5: -0.0032201485 | L5: -0.004709352 | M5: -0.0047093521 | N5: -0.0047093521 | O5: -0.0014442337 | P5: -0.0014442337 | Q5: -0.0032201485 | R5: -0.0032201485
A6: [40] Eastern Scotian Shelf 1980 | B6: 262094.95 | C6: -1168.6799 | D6: -870.41281 | E6: -1415.2956 | F6: -1307.8503 | G6: -928.27856 | H6: -4.2997135 | I6: -186.52053 | J6: -186.52053 | K6: -5.2831169e-06 | L6: -8.461318e-06 | M6: -8.4613221e-06 | N6: -1.3173919e-05 | O6: -186.52053 | P6: -222.00588 | Q6: -5.2831183e-06 | R6: -3.8613043e-06
A7: [41] Eastern Scotian Shelf 1995 | B7: 18538.805 | C7: -1940.3153 | D7: -1827.0822 | E7: -1536.4515 | F7: -1043.4191 | G7: 2050.5608 | H7: -555.72714 | I7: -269.28825 | J7: -269.28825 | K7: -0.00014335817 | L7: -0.00034681643 | M7: -0.00034681642 | N7: -0.0020518505 | O7: -269.28825 | P7: -327.18544 | Q7: -0.00014335818 | R7: 0.29241117
A8: [46] Denmark, Faroe Islands 1997 | B8: 550586.16 | C8: -673.44015 | D8: -437.82023 | E8: 48.415364 | F8: 621.76718 | G8: 10807.226 | H8: -512.37295 | I8: -32.848059 | J8: -32.848059 | K8: -6.5009558e-06 | L8: 7.7704922e-06 | M8: 7.7704863e-06 | N8: 7.7704863e-06 | O8: -32.848059 | P8: -32.848059 | Q8: -6.5009567e-06 | R8: -6.5009567e-06
A9: [68] Icelandic shelf 1997 | B9: 798900.62 | C9: -162.49504 | D9: -35.857182 | E9: -464.04826 | F9: -460.94943 | G9: -458.85955 | H9: -281.17149 | I9: -486.19147 | J9: -486.19147 | K9: 1.8431901e-06 | L9: -9.495262e-06 | M9: -9.4952375e-06 | N9: -9.4952393e-06 | O9: -486.19147 | P9: -486.19147 | Q9: 1.8431965e-06 | R9: 1.8431965e-06
A10: [105] Grand Banks of Newfoundland 1900 | B10: 1950021.8 | C10: -3764.7352 | D10: -3654.4678 | E10: -3475.7549 | F10: -3306.5674 | G10: -160.11994 | H10: -1625.6781 | I10: -0.012672437 | J10: -0.012672437 | K10: -0.00031454494 | L10: 2.3901803e-06 | M10: 2.3901666e-06 | N10: 2.3901675e-06 | O10: -0.012672437 | P10: -0.012672437 | Q10: -0.00031454493 | R10: -0.00031454493
A11: [107] Grand Banks of Newfoundland 1980 | B11: 330729.17 | C11: -805.53918 | D11: -112.63357 | E11: -1423.553 | F11: -1177.2065 | G11: -598.60505 | H11: -282.84978 | I11: -464.90713 | J11: -464.90713 | K11: -1.3200397e-05 | L11: -2.6844208e-05 | M11: -2.6844195e-05 | N11: -2.6844195e-05 | O11: -464.90713 | P11: -464.90713 | Q11: -1.3200397e-05 | R11: -1.3200397e-05
A12: [108] Grand Banks of Newfoundland 1990 | B12: 59069.554 | C12: -1306.5588 | D12: -1210.9215 | E12: -1397.6074 | F12: -1373.7277 | G12: -1299.3037 | H12: 489.0766 | I12: -0.0074615487 | J12: -0.0074615487 | K12: -3.749607e-06 | L12: 2.0960101e-05 | M12: 2.0960102e-05 | N12: 2.0960102e-05 | O12: -0.0074615487 | P12: -0.0074615487 | Q12: -3.749607e-06 | R12: -3.749607e-06
A13: [111] North Atlantic 1950 | B13: 95613.021 | C13: -3405.0252 | D13: -3396.4518 | E13: -3416.1139 | F13: -3414.6632 | G13: -3408.967 | H13: -2363.8027 | I13: -0.00050943001 | J13: -0.00050943001 | K13: -0.0017202664 | L13: -0.0028213782 | M13: -0.0028213782 | N13: -0.0028213782 | O13: -0.00050943001 | P13: -0.00050943001 | Q13: -0.0017202664 | R13: -0.0017202664
... A108: [726] Guinea 1985 | B108: 234746.19 | C108: -4059.9504 | D108: -3950.0446 | E108: -4252.8665 | F108: -4220.8243 | G108: -3911.2997 | H108: -2853.8947 | I108: -86.464941 | J108: -86.464941 | K108: 2.3463361e-05 | L108: 0.00050970978 | M108: 0.00050970977 | N108: 0.00053377666 | O108: -86.464941 | P108: -107.57519 | Q108: 2.3463363e-05 | R108: 2.6438617e-05
