Workbook

Sheet data
A1: עמודה1 | B1: Danajon Bank 2010 [711] | C1: Guinea 2004 [725] | D1: Northern Gulf St Lawrence 1985 [116] | E1: Iceland 1950 [227]
A2: SPPR_1986 | B2: 728.48399 | C2: 374.09311 | D2: 512.8887 | E2: 449.73136
A3: SPPR_1995_mTL_global_TE_01 | B3: 1293.8365 | C3: 725.68197 | D3: 979.75599 | E3: 526.45497
A4: SPPR_1995_TL2_global_TE_01 | B4: 2007.6416 | C4: 1047.7169 | D4: 1412.2419 | E4: 848.41489
A5: SPPR_1995_mTL_global_mTE | B5: 317.52445 | C5: 225.41386 | D5: 233.1789 | E5: 116.92483
A6: SPPR_1995_TL2_global_mTE | B6: 398.48527 | C6: 291.80908 | D6: 288.48871 | E6: 153.34403
A7: SPPR_EwE_global_mTE | B7: 624.91473 | C7: 749.82827 | D7: 440.65763 | E7: 186.48805
A8: SPPR_EwE_differential_TE | B8: 625.23376 | C8: 2104.3001 | D8: 1135.7619 | E8: 520.51412
A9: SPPR_2015_only_PP_DET | B9: 1062.0061 | C9: 5293.4505 | D9: 1280.4279 | E9: 797.2898
A10: SPPR_2015_DET_as_PP | B10: 1317.6993 | C10: 7126.3154 | D10: 1933.3727 | E10: 802.45242
A11: SPPR_new_basic | B11: 1317.4274 | C11: 7808.1993 | D11: 1933.2617 | E11: 802.45233
A12: SPPR_new_correct_DET_TE | B12: 973.99661 | C12: 5513.4253 | D12: 1267.3341 | E12: 529.69574
A13: SPPR_mc_TE_10_20 | B13: 1437.2583 | C13: 9021.6367 | D13: 2186.9497 | E13: 854.22947
A14: SPPR_mc_TE_10_20_correct_DET_TE | B14: 1044.9234 | C14: 6386.0516 | D14: 1458.8961 | E14: 561.77299
A16: שיטות חישוב (שורה i+1 היא שיטה i+1 חלקי שיטה i) | B16: כלי להשוואת פקטורים
A17: SPPR_1995_mTL_global_mTE | B17: Danajon Bank 2010 [711] | C17: Guinea 2004 [725] | D17: Northern Gulf St Lawrence 1985 [116] | E17: Iceland 1950 [227] | F17: ממוצע | G17: פקטור
A18: SPPR_EwE_global_mTE | B18: =INDEX(טבלה1[Danajon Bank 2010 '[711']], MATCH($A18, $A$2:$A$14, 0)) / INDEX(טבלה1[Danajon Bank 2010 '[711']], MATCH($A17, $A$2:$A$14, 0)) -> 1.9680838 | C18: =INDEX(טבלה1[Guinea 2004 '[725']], MATCH($A18, $A$2:$A$14, 0)) / INDEX(טבלה1[Guinea 2004 '[725']], MATCH($A17, $A$2:$A$14, 0)) -> 3.3264515 | D18: =INDEX(טבלה1[Northern Gulf St Lawrence 1985 '[116']], MATCH($A18, $A$2:$A$14, 0)) / INDEX(טבלה1[Northern Gulf St Lawrence 1985 '[116']], MATCH($A17, $A$2:$A$14, 0)) -> 1.8897835 | E18: =INDEX(טבלה1[Iceland 1950 '[227']], MATCH($A18, $A$2:$A$14, 0)) / INDEX(טבלה1[Iceland 1950 '[227']], MATCH($A17, $A$2:$A$14, 0)) -> 1.5949397 | F18: =AVERAGE(B18:E18) -> 2.1948146 | G18: ינסן על TL
A19: SPPR_EwE_differential_TE | B19: =INDEX(טבלה1[Danajon Bank 2010 '[711']], MATCH($A19, $A$2:$A$14, 0)) / INDEX(טבלה1[Danajon Bank 2010 '[711']], MATCH($A18, $A$2:$A$14, 0)) -> 1.0005105 | C19: =INDEX(טבלה1[Guinea 2004 '[725']], MATCH($A19, $A$2:$A$14, 0)) / INDEX(טבלה1[Guinea 2004 '[725']], MATCH($A18, $A$2:$A$14, 0)) -> 2.806376 | D19: =INDEX(טבלה1[Northern Gulf St Lawrence 1985 '[116']], MATCH($A19, $A$2:$A$14, 0)) / INDEX(טבלה1[Northern Gulf St Lawrence 1985 '[116']], MATCH($A18, $A$2:$A$14, 0)) -> 2.5774247 | E19: =INDEX(טבלה1[Iceland 1950 '[227']], MATCH($A19, $A$2:$A$14, 0)) / INDEX(טבלה1[Iceland 1950 '[227']], MATCH($A18, $A$2:$A$14, 0)) -> 2.7911392 | F19: =AVERAGE(B19:E19) -> 2.2938626 | G19: ינסן על TE גלובאלי
A20: SPPR_2015_DET_as_PP | B20: =INDEX(טבלה1[Danajon Bank 2010 '[711']], MATCH($A20, $A$2:$A$14, 0)) / INDEX(טבלה1[Danajon Bank 2010 '[711']], MATCH($A19, $A$2:$A$14, 0)) -> 2.1075307 | C20: =INDEX(טבלה1[Guinea 2004 '[725']], MATCH($A20, $A$2:$A$14, 0)) / INDEX(טבלה1[Guinea 2004 '[725']], MATCH($A19, $A$2:$A$14, 0)) -> 3.386549 | D20: =INDEX(טבלה1[Northern Gulf St Lawrence 1985 '[116']], MATCH($A20, $A$2:$A$14, 0)) / INDEX(טבלה1[Northern Gulf St Lawrence 1985 '[116']], MATCH($A19, $A$2:$A$14, 0)) -> 1.7022694 | E20: =INDEX(טבלה1[Iceland 1950 '[227']], MATCH($A20, $A$2:$A$14, 0)) / INDEX(טבלה1[Iceland 1950 '[227']], MATCH($A19, $A$2:$A$14, 0)) -> 1.5416535 | F20: =AVERAGE(B20:E20) -> 2.1845007 | G20: מעגלים בלי דטריטוס
A21: SPPR_new_basic | B21: =INDEX(טבלה1[Danajon Bank 2010 '[711']], MATCH($A21, $A$2:$A$14, 0)) / INDEX(טבלה1[Danajon Bank 2010 '[711']], MATCH($A20, $A$2:$A$14, 0)) -> 0.99979363 | C21: =INDEX(טבלה1[Guinea 2004 '[725']], MATCH($A21, $A$2:$A$14, 0)) / INDEX(טבלה1[Guinea 2004 '[725']], MATCH($A20, $A$2:$A$14, 0)) -> 1.0956853 | D21: =INDEX(טבלה1[Northern Gulf St Lawrence 1985 '[116']], MATCH($A21, $A$2:$A$14, 0)) / INDEX(טבלה1[Northern Gulf St Lawrence 1985 '[116']], MATCH($A20, $A$2:$A$14, 0)) -> 0.99994257 | E21: =INDEX(טבלה1[Iceland 1950 '[227']], MATCH($A21, $A$2:$A$14, 0)) / INDEX(טבלה1[Iceland 1950 '[227']], MATCH($A20, $A$2:$A$14, 0)) -> 0.99999989 | F21: =AVERAGE(B21:E21) -> 1.0238554 | G21: ?
A22: SPPR_mc_TE_10_20 | B22: =INDEX(טבלה1[Danajon Bank 2010 '[711']], MATCH($A22, $A$2:$A$14, 0)) / INDEX(טבלה1[Danajon Bank 2010 '[711']], MATCH($A21, $A$2:$A$14, 0)) -> 1.0909583 | C22: =INDEX(טבלה1[Guinea 2004 '[725']], MATCH($A22, $A$2:$A$14, 0)) / INDEX(טבלה1[Guinea 2004 '[725']], MATCH($A21, $A$2:$A$14, 0)) -> 1.1554055 | D22: =INDEX(טבלה1[Northern Gulf St Lawrence 1985 '[116']], MATCH($A22, $A$2:$A$14, 0)) / INDEX(טבלה1[Northern Gulf St Lawrence 1985 '[116']], MATCH($A21, $A$2:$A$14, 0)) -> 1.1312228 | E22: =INDEX(טבלה1[Iceland 1950 '[227']], MATCH($A22, $A$2:$A$14, 0)) / INDEX(טבלה1[Iceland 1950 '[227']], MATCH($A21, $A$2:$A$14, 0)) -> 1.0645236 | F22: =AVERAGE(B22:E22) -> 1.1105276 | G22: ינסן על TE של מין
A23: SPPR_mc_TE_10_20_correct_DET_TE | B23: =INDEX(טבלה1[Danajon Bank 2010 '[711']], MATCH($A23, $A$2:$A$14, 0)) / INDEX(טבלה1[Danajon Bank 2010 '[711']], MATCH($A22, $A$2:$A$14, 0)) -> 0.72702548 | C23: =INDEX(טבלה1[Guinea 2004 '[725']], MATCH($A23, $A$2:$A$14, 0)) / INDEX(טבלה1[Guinea 2004 '[725']], MATCH($A22, $A$2:$A$14, 0)) -> 0.70785953 | D23: =INDEX(טבלה1[Northern Gulf St Lawrence 1985 '[116']], MATCH($A23, $A$2:$A$14, 0)) / INDEX(טבלה1[Northern Gulf St Lawrence 1985 '[116']], MATCH($A22, $A$2:$A$14, 0)) -> 0.66709172 | E23: =INDEX(טבלה1[Iceland 1950 '[227']], MATCH($A23, $A$2:$A$14, 0)) / INDEX(טבלה1[Iceland 1950 '[227']], MATCH($A22, $A$2:$A$14, 0)) -> 0.65763709 | F23: =AVERAGE(B23:E23) -> 0.68990346 | G23: תיקון זרימה ל-DET
F24: ? | G24: מעגלים עם דטריטוס
F25: ? | G25: ינסן על DC
F26: ? | G26: התייחסות למינים במקום Commercial Groups
A28: מצטבר | B28: =PRODUCT(B18:B27) -> 3.290844 | C28: =PRODUCT(C18:C27) -> 28.330341 | D28: =PRODUCT(D18:D27) -> 6.2565526 | E28: =PRODUCT(E18:E27) -> 4.8045652 | F28: =AVERAGE(B28:E28) -> 10.670576

Sheet 1995 ratio
A1: עמודה1 | B1: Danajon Bank 2010 [711] | C1: Guinea 2004 [725] | D1: Northern Gulf St Lawrence 1985 [116] | E1: Iceland 1950 [227]
A2: SPPR_1986 | B2: =data!B2 / data!B$5 -> 2.2942611 | C2: =data!C2 / data!C$5 -> 1.6595834 | D2: =data!D2 / data!D$5 -> 2.1995502 | E2: =data!E2 / data!E$5 -> 3.8463288
A3: SPPR_1995_mTL_global_TE_01 | B3: =data!B3 / data!B$5 -> 4.0747619 | C3: =data!C3 / data!C$5 -> 3.2193316 | D3: =data!D3 / data!D$5 -> 4.2017352 | E3: =data!E3 / data!E$5 -> 4.5025077
A4: SPPR_1995_TL2_global_TE_01 | B4: =data!B4 / data!B$5 -> 6.3227936 | C4: =data!C4 / data!C$5 -> 4.6479702 | D4: =data!D4 / data!D$5 -> 6.0564737 | E4: =data!E4 / data!E$5 -> 7.256071
A5: SPPR_1995_mTL_global_mTE | B5: =data!B5 / data!B$5 -> 1 | C5: =data!C5 / data!C$5 -> 1 | D5: =data!D5 / data!D$5 -> 1 | E5: =data!E5 / data!E$5 -> 1
A6: SPPR_1995_TL2_global_mTE | B6: =data!B6 / data!B$5 -> 1.2549751 | C6: =data!C6 / data!C$5 -> 1.2945481 | D6: =data!D6 / data!D$5 -> 1.237199 | E6: =data!E6 / data!E$5 -> 1.3114753
A7: SPPR_EwE_global_mTE | B7: =data!B7 / data!B$5 -> 1.9680838 | C7: =data!C7 / data!C$5 -> 3.3264515 | D7: =data!D7 / data!D$5 -> 1.8897835 | E7: =data!E7 / data!E$5 -> 1.5949397
A8: SPPR_EwE_differential_TE | B8: =data!B8 / data!B$5 -> 1.9690886 | C8: =data!C8 / data!C$5 -> 9.3352737 | D8: =data!D8 / data!D$5 -> 4.8707746 | E8: =data!E8 / data!E$5 -> 4.4516986
A9: SPPR_2015_only_PP_DET | B9: =data!B9 / data!B$5 -> 3.3446437 | C9: =data!C9 / data!C$5 -> 23.483252 | D9: =data!D9 / data!D$5 -> 5.4911825 | E9: =data!E9 / data!E$5 -> 6.8188235
A10: SPPR_2015_DET_as_PP | B10: =data!B10 / data!B$5 -> 4.1499145 | C10: =data!C10 / data!C$5 -> 31.614362 | D10: =data!D10 / data!D$5 -> 8.2913707 | E10: =data!E10 / data!E$5 -> 6.8629768
A11: SPPR_new_basic | B11: =data!B11 / data!B$5 -> 4.1490581 | C11: =data!C11 / data!C$5 -> 34.639393 | D11: =data!D11 / data!D$5 -> 8.2908945 | E11: =data!E11 / data!E$5 -> 6.862976
A12: SPPR_new_correct_DET_TE | B12: =data!B12 / data!B$5 -> 3.0674696 | C12: =data!C12 / data!C$5 -> 24.459123 | D12: =data!D12 / data!D$5 -> 5.4350292 | E12: =data!E12 / data!E$5 -> 4.5302245
A13: SPPR_mc_TE_10_20 | B13: =data!B13 / data!B$5 -> 4.5264493 | C13: =data!C13 / data!C$5 -> 40.022547 | D13: =data!D13 / data!D$5 -> 9.378849 | E13: =data!E13 / data!E$5 -> 7.3058003
A14: SPPR_mc_TE_10_20_correct_DET_TE | B14: =data!B14 / data!B$5 -> 3.290844 | C14: =data!C14 / data!C$5 -> 28.330341 | D14: =data!D14 / data!D$5 -> 6.2565526 | E14: =data!E14 / data!E$5 -> 4.8045652

Sheet EwE ratio
A1: עמודה1 | B1: Danajon Bank 2010 [711] | C1: Guinea 2004 [725] | D1: Northern Gulf St Lawrence 1985 [116] | E1: Iceland 1950 [227]
A2: SPPR_1986 | B2: =data!B2/data!B$8 -> 1.1651386 | C2: =data!C2/data!C$8 -> 0.17777555 | D2: =data!D2/data!D$8 -> 0.4515812 | E2: =data!E2/data!E$8 -> 0.86401375
A3: SPPR_1995_mTL_global_TE_01 | B3: =data!B3/data!B$8 -> 2.0693645 | C3: =data!C3/data!C$8 -> 0.34485669 | D3: =data!D3/data!D$8 -> 0.86264209 | E3: =data!E3/data!E$8 -> 1.0114134
A4: SPPR_1995_TL2_global_TE_01 | B4: =data!B4/data!B$8 -> 3.2110255 | C4: =data!C4/data!C$8 -> 0.49789329 | D4: =data!D4/data!D$8 -> 1.2434313 | E4: =data!E4/data!E$8 -> 1.6299556
A5: SPPR_1995_mTL_global_mTE | B5: =data!B5/data!B$8 -> 0.50784918 | C5: =data!C5/data!C$8 -> 0.10712059 | D5: =data!D5/data!D$8 -> 0.20530615 | E5: =data!E5/data!E$8 -> 0.22463335
A6: SPPR_1995_TL2_global_mTE | B6: =data!B6/data!B$8 -> 0.63733806 | C6: =data!C6/data!C$8 -> 0.13867275 | D6: =data!D6/data!D$8 -> 0.25400458 | E6: =data!E6/data!E$8 -> 0.29460109
A7: SPPR_EwE_global_mTE | B7: =data!B7/data!B$8 -> 0.99948974 | C7: =data!C7/data!C$8 -> 0.35633143 | D7: =data!D7/data!D$8 -> 0.38798417 | E7: =data!E7/data!E$8 -> 0.35827665
A8: SPPR_EwE_differential_TE | B8: =data!B8/data!B$8 -> 1 | C8: =data!C8/data!C$8 -> 1 | D8: =data!D8/data!D$8 -> 1 | E8: =data!E8/data!E$8 -> 1
A9: SPPR_2015_only_PP_DET | B9: =data!B9/data!B$8 -> 1.6985745 | C9: =data!C9/data!C$8 -> 2.5155398 | D9: =data!D9/data!D$8 -> 1.1273736 | E9: =data!E9/data!E$8 -> 1.5317352
A10: SPPR_2015_DET_as_PP | B10: =data!B10/data!B$8 -> 2.1075307 | C10: =data!C10/data!C$8 -> 3.386549 | D10: =data!D10/data!D$8 -> 1.7022694 | E10: =data!E10/data!E$8 -> 1.5416535
A11: SPPR_new_basic | B11: =data!B11/data!B$8 -> 2.1070957 | C11: =data!C11/data!C$8 -> 3.7105921 | D11: =data!D11/data!D$8 -> 1.7021717 | E11: =data!E11/data!E$8 -> 1.5416533
A12: SPPR_new_correct_DET_TE | B12: =data!B12/data!B$8 -> 1.5578119 | C12: =data!C12/data!C$8 -> 2.6200756 | D12: =data!D12/data!D$8 -> 1.115845 | E12: =data!E12/data!E$8 -> 1.0176395
A13: SPPR_mc_TE_10_20 | B13: =data!B13/data!B$8 -> 2.2987536 | C13: =data!C13/data!C$8 -> 4.2872387 | D13: =data!D13/data!D$8 -> 1.9255354 | E13: =data!E13/data!E$8 -> 1.6411264
A14: SPPR_mc_TE_10_20_correct_DET_TE | B14: =data!B14/data!B$8 -> 1.6712524 | C14: =data!C14/data!C$8 -> 3.0347628 | D14: =data!D14/data!D$8 -> 1.2845087 | E14: =data!E14/data!E$8 -> 1.0792656
